DEBUG	

ConductoroneApi (SDK empty)
A2Ui (SDK empty)
C1ApiA2uiV1A2UiServiceListSurfacesRequest (conversation_id: string)
C1ApiA2uiV1A2UiServiceListSurfacesResponse (ContentType: string, StatusCode: int32, RawResponse: response ...)
 A2UiServiceListSurfacesResponse (surfaces: array)
   A2UiSurface (catalogId: string, components: array, conversationId: string ...)
     A2UiComponent (button: ButtonComponent, c1Chart: C1ChartComponent, c1CodeBlock: C1CodeBlockComponent ...)
      ButtonComponent (action: A2UIAction, checks: array, disabled: DynamicBool ...)
       A2UiAction (event: ServerEvent, functionCall: FunctionCall)
        ServerEvent (context: map, name: string)
        FunctionCall (args: map, call: string, message: string)
        ValidationCheck (and: AndCheck, call: FunctionCall, or: OrCheck)
         AndCheck (checks: array)
            OrCheck (checks: array)
       DynamicBool (call: FunctionCall, literal: boolean, path: string)
       DynamicString (call: FunctionCall, literal: string, path: string)
       Variant (enum: BUTTON_VARIANT_UNSPECIFIED, BUTTON_VARIANT_PRIMARY, BUTTON_VARIANT_SECONDARY ...)
      C1ChartComponent (artifactUrl: DynamicString, categorical: C1ChartCategoricalData, sources: array ...)
       C1ChartCategoricalData (slices: array, style: enum)
         C1ChartSlice (label: string, value: number)
        Style (enum: C1_CHART_CATEGORICAL_STYLE_UNSPECIFIED, C1_CHART_CATEGORICAL_STYLE_PIE, C1_CHART_CATEGORICAL_STYLE_DONUT)
        C1ChartSource (count: string, kind: string, label: string ...)
       C1ChartTimeSeriesData (range: C1ChartTimeRange, series: array, style: enum)
        C1ChartTimeRange (end: date-time, label: string, start: date-time)
         C1ChartSeries (displayName: string, key: string, points: array)
           C1ChartPoint (ts: date-time, value: number)
        C1ChartTimeSeriesDataStyle (enum: C1_CHART_TIME_SERIES_STYLE_UNSPECIFIED, C1_CHART_TIME_SERIES_STYLE_LINE, C1_CHART_TIME_SERIES_STYLE_STACKED_BAR ...)
      C1CodeBlockComponent (code: DynamicString, copyable: boolean, language: DynamicString ...)
      C1ConnectorConfigFormComponent (appId: string, connectorId: string, skipActionName: string ...)
      C1ConnectorSyncDetailComponent (appId: string, connectorId: string, title: string)
      C1ConnectorSyncProgressComponent (appId: string, connectorId: string, title: string)
      C1DurationPickerComponent (label: DynamicString, maxDurationSeconds: DynamicNumber, value: DynamicNumber)
       DynamicNumber (call: FunctionCall, literal: number, path: string)
      C1MetricCardsComponent (cards: array, sources: array, title: DynamicString)
        C1MetricCard (delta: string, deltaSentiment: enum, label: string ...)
         DeltaSentiment (enum: C1_METRIC_DELTA_SENTIMENT_UNSPECIFIED, C1_METRIC_DELTA_SENTIMENT_POSITIVE, C1_METRIC_DELTA_SENTIMENT_NEGATIVE ...)
      C1MsTeamsNotificationsComponent (empty)
      C1OnboardingPlanComponent (categories: array)
        C1OnboardingPlanCategory (id: string, steps: array, title: string)
          C1OnboardingPlanStep (agentAssisted: boolean, description: string, id: string ...)
      C1OnboardingWelcomeComponent (recommendedCatalogId: string, recommendedDisplayName: string)
      C1ResourcePickerComponent (appId: string, connectorId: string, label: DynamicString ...)
      C1SlackNotificationsComponent (empty)
      C1StatusIndicatorComponent (message: DynamicString, showSpinner: DynamicBool, status: DynamicString ...)
      C1TableComponent (artifactUrl: DynamicString, columns: array, pageSize: int32 ...)
        C1TableRow (cells: array)
      C1TodoListComponent (items: array, title: DynamicString)
        C1TodoItem (description: DynamicString, id: string, label: DynamicString ...)
      CardComponent (children: ChildList)
       ChildList (ids: array)
      CheckBoxComponent (label: DynamicString, value: DynamicBool)
      ChoicePickerComponent (choices: array, hideLabel: boolean, label: DynamicString ...)
        Choice (description: DynamicString, id: string, label: DynamicString)
      ColumnComponent (alignment: string, children: ChildList, distribution: string ...)
      DateTimeInputComponent (inputType: enum, label: DynamicString, max: DynamicString ...)
       InputType (enum: DATE_TIME_INPUT_TYPE_UNSPECIFIED, DATE_TIME_INPUT_TYPE_DATE, DATE_TIME_INPUT_TYPE_TIME ...)
      DividerComponent (orientation: string)
      ProgressBarComponent (label: DynamicString, max: DynamicNumber, min: DynamicNumber ...)
      RowComponent (alignment: string, children: ChildList, distribution: string ...)
      SliderComponent (label: DynamicString, max: DynamicNumber, min: DynamicNumber ...)
      TextComponent (markdown: boolean, text: DynamicString)
      TextFieldComponent (checks: array, label: DynamicString, placeholder: DynamicString ...)
       TextFieldComponentVariant (enum: TEXT_FIELD_VARIANT_UNSPECIFIED, TEXT_FIELD_VARIANT_SHORT_TEXT, TEXT_FIELD_VARIANT_LONG_TEXT ...)
    A2UiSurfaceRole (enum: SURFACE_ROLE_UNSPECIFIED, SURFACE_ROLE_PRIMARY, SURFACE_ROLE_STATUS ...)
    State (enum: SURFACE_LIFECYCLE_STATE_UNSPECIFIED, SURFACE_LIFECYCLE_STATE_ACTIVE, SURFACE_LIFECYCLE_STATE_COMPLETE ...)
Security (bearerAuth: string, oauth: string)
C1ApiA2uiV1A2UiServiceGetSurfaceProvenanceRequest (conversation_id: string, surface_id: string)
C1ApiA2uiV1A2UiServiceGetSurfaceProvenanceResponse (ContentType: string, StatusCode: int32, RawResponse: response ...)
 A2UiServiceGetSurfaceProvenanceResponse (programCommitId: string, programFunctionId: string, programInput: string ...)
   A2UiProvenanceSource (componentId: string, count: string, kind: string ...)
   A2UiProvenanceStep (objects: array, operation: enum, recordType: enum)
     A2UiProvenanceObject (displayName: string, id: string, recordType: enum)
      RecordType (enum: A2UI_PROVENANCE_RECORD_TYPE_UNSPECIFIED, A2UI_PROVENANCE_RECORD_TYPE_APP, A2UI_PROVENANCE_RECORD_TYPE_USER ...)
    Operation (enum: A2UI_PROVENANCE_OPERATION_UNSPECIFIED, A2UI_PROVENANCE_OPERATION_LOOKED_UP, A2UI_PROVENANCE_OPERATION_COUNTED ...)
    A2UiProvenanceStepRecordType (enum: A2UI_PROVENANCE_RECORD_TYPE_UNSPECIFIED, A2UI_PROVENANCE_RECORD_TYPE_APP, A2UI_PROVENANCE_RECORD_TYPE_USER ...)
   A2UiProvenanceToolCall (calledAt: date-time, inputDigest: string, toolName: string)
C1ApiA2uiV1A2UiServiceSubmitActionRequest (surface_id: string, A2UIServiceSubmitActionRequest: A2UIServiceSubmitActionRequest)
 A2UiServiceSubmitActionRequest (actionName: string, clientTimestamp: date-time, context: map ...)
C1ApiA2uiV1A2UiServiceSubmitActionResponse (ContentType: string, StatusCode: int32, RawResponse: response ...)
 A2UiServiceSubmitActionResponse (accepted: boolean, errorMessage: string)
C1ApiA2uiV1A2UiServiceListSurfaceFeedbackRequest (surface_id: string)
C1ApiA2uiV1A2UiServiceListSurfaceFeedbackResponse (ContentType: string, StatusCode: int32, RawResponse: response ...)
 A2UiServiceListSurfaceFeedbackResponse (feedback: array)
   A2UiSurfaceFeedback (actionName: string, componentsSnapshot: string, conversationId: string ...)
    Sentiment (enum: A2UI_SURFACE_FEEDBACK_SENTIMENT_UNSPECIFIED, A2UI_SURFACE_FEEDBACK_SENTIMENT_POSITIVE, A2UI_SURFACE_FEEDBACK_SENTIMENT_NEGATIVE)
C1ApiA2uiV1A2UiServiceCreateSurfaceFeedbackRequest (surface_id: string, A2UIServiceCreateSurfaceFeedbackRequest: A2UIServiceCreateSurfaceFeedbackRequest)
 A2UiServiceCreateSurfaceFeedbackRequest (conversationId: string, sentiment: enum, text: string)
  A2UiServiceCreateSurfaceFeedbackRequestSentiment (enum: A2UI_SURFACE_FEEDBACK_SENTIMENT_UNSPECIFIED, A2UI_SURFACE_FEEDBACK_SENTIMENT_POSITIVE, A2UI_SURFACE_FEEDBACK_SENTIMENT_NEGATIVE)
C1ApiA2uiV1A2UiServiceCreateSurfaceFeedbackResponse (ContentType: string, StatusCode: int32, RawResponse: response ...)
 A2UiServiceCreateSurfaceFeedbackResponse (feedback: A2UISurfaceFeedback)
AccessReview (SDK empty)
AccessReviewServiceCreateRequest (completionDate: date-time, description: string, displayName: string ...)
 AccessReviewExpandMask (paths: array)
 NotificationConfig (sendClose: boolean, sendKickoff: boolean, sendReminders: boolean)
 ScopeType (enum: ACCESS_REVIEW_SCOPE_TYPE_UNSPECIFIED, ACCESS_REVIEW_SCOPE_TYPE_BY_ENTITLEMENTS, ACCESS_REVIEW_SCOPE_TYPE_BY_ACCESS_CONFLICTS ...)
 AccessReviewScopeV2 (accountCelExpression: CelExpressionScope, accountCriteria: AccountCriteriaScope, allAccessConflicts: AllAccessConflictsScope ...)
  CelExpressionScope (expression: string)
  AccountCriteriaScope (accountDomain: enum, accountTypes: array, appUserStatuses: array ...)
   AccountDomain (enum: APP_USER_DOMAIN_UNSPECIFIED, APP_USER_DOMAIN_EXTERNAL, APP_USER_DOMAIN_TRUSTED)
    AccountTypes (enum: APP_USER_TYPE_UNSPECIFIED, APP_USER_TYPE_USER, APP_USER_TYPE_SERVICE_ACCOUNT ...)
    AppUserStatuses (enum: APP_USER_STATUS_UNSPECIFIED, APP_USER_STATUS_ENABLED, APP_USER_STATUS_DISABLED ...)
  AllAccessConflictsScope (empty)
  AllAccountsScope (empty)
  AllGrantsScope (empty)
  AllUsersScope (empty)
  ApplicationAccessScope (empty)
  AppSelectionCriteriaScope (complianceFrameworkAttributeValueIds: array, riskLevelAttributeValueIds: array)
  ResourceTypeSelectionScope (empty)
  SpecificResourcesScope (empty)
  GrantsByCriteriaScope (accessProfileFilter: GrantAccessProfileFilter, daysSinceAdded: string, daysSinceLastUsed: string ...)
   GrantAccessProfileFilter (excludedAccessProfileIds: array, filterType: enum, includedAccessProfileIds: array)
    FilterType (enum: ACCESS_PROFILE_FILTER_TYPE_UNSPECIFIED, ACCESS_PROFILE_FILTER_TYPE_INCLUDE_ALL, ACCESS_PROFILE_FILTER_TYPE_EXCLUDE_ALL ...)
   GrantsAddedBetween (endDate: date-time, startDate: date-time)
   SourceFilter (enum: GRANT_SOURCE_FILTER_UNSPECIFIED, GRANT_SOURCE_FILTER_DIRECT, GRANT_SOURCE_FILTER_INHERITED)
   TypeFilter (enum: GRANT_FILTER_TYPE_UNSPECIFIED, GRANT_FILTER_TYPE_PERMANENT, GRANT_FILTER_TYPE_TEMPORARY)
  PrincipalTypeFilter (enum: PRINCIPAL_TYPE_FILTER_UNSPECIFIED, PRINCIPAL_TYPE_FILTER_USERS, PRINCIPAL_TYPE_FILTER_RESOURCES ...)
  ResourceSelectionScope (empty)
  ScopeRoleSelectionScope (empty)
  SelectedUsersScope (userIds: array)
  SpecificAccessConflictsScope (empty)
  UserCriteriaScope (groupAppEntitlementsRef: array, managerUserIds: array, multiUserProfileAttributes: map ...)
    AppEntitlementRef (appId: string, id: string)
    IncludedUserAttributeValues (values: array)
      IncludedUserAttributeValue (value: string)
    UserStatus (enum: UNKNOWN, ENABLED, DISABLED ...)
C1ApiAccessreviewV1AccessReviewServiceCreateResponse (ContentType: string, StatusCode: int32, RawResponse: response ...)
 AccessReviewServiceCreateResponse (accessReview: AccessReviewView, expanded: array)
  AccessReviewView (accessReview: AccessReview, createdByUserPath: string, objectPermissions: ActorObjectPermissions ...)
   AccessReview (accessReviewTemplateId: string, accuracyIssueAction: enum, autoCloseCampaign: boolean ...)
    AccuracyIssueAction (enum: ACCURACY_ISSUE_ACTION_UNSPECIFIED, ACCURACY_ISSUE_ACTION_CONTINUE, ACCURACY_ISSUE_ACTION_WAIT)
    AutoCloseDecision (enum: CLOSE_DECISION_UNSPECIFIED, CLOSE_DECISION_REVOKED, CLOSE_DECISION_SKIP ...)
    BindingObjectSetup (empty)
    CampaignHealthSnapshot (checkedAt: date-time, phantomLockedCount: int32)
    CampaignInsights (markdown: string)
    AccessReviewColumnConfig (columns: array, orderedColumns: array)
      Columns (enum: ACCESS_REVIEW_TASK_COLUMN_UNSPECIFIED, ACCESS_REVIEW_TASK_COLUMN_VIEW_LINK, ACCESS_REVIEW_TASK_COLUMN_CURRENT_STATE ...)
      AccessReviewTaskColumnRef (appUserAttributeKey: string, builtin: enum)
       Builtin (enum: ACCESS_REVIEW_TASK_COLUMN_UNSPECIFIED, ACCESS_REVIEW_TASK_COLUMN_VIEW_LINK, ACCESS_REVIEW_TASK_COLUMN_CURRENT_STATE ...)
    DefaultView (enum: ACCESS_REVIEW_VIEW_TYPE_UNSPECIFIED, ACCESS_REVIEW_VIEW_TYPE_BY_APP, ACCESS_REVIEW_VIEW_TYPE_BY_USER ...)
    ErrorState (enum: ACCESS_REVIEW_ERROR_STATE_UNSPECIFIED, ACCESS_REVIEW_ERROR_STATE_SELECTION_QUOTA_EXCEED_ERROR)
    AccessReviewExclusionScope (appUserStatuses: array, appUserTypes: array)
      AccessReviewExclusionScopeAppUserStatuses (enum: APP_USER_STATUS_UNSPECIFIED, APP_USER_STATUS_ENABLED, APP_USER_STATUS_DISABLED ...)
      AppUserTypes (enum: APP_USER_TYPE_UNSPECIFIED, APP_USER_TYPE_USER, APP_USER_TYPE_SERVICE_ACCOUNT ...)
    AccessReviewInclusionScope (appUserStatuses: array, appUserTypes: array, managerIds: array ...)
      AccessReviewInclusionScopeAppUserStatuses (enum: APP_USER_STATUS_UNSPECIFIED, APP_USER_STATUS_ENABLED, APP_USER_STATUS_DISABLED ...)
      AccessReviewInclusionScopeAppUserTypes (enum: APP_USER_TYPE_UNSPECIFIED, APP_USER_TYPE_USER, APP_USER_TYPE_SERVICE_ACCOUNT ...)
      UserStatuses (enum: USER_UNKNOWN, USER_ENABLED, USER_DISABLED ...)
    MultiAppSetup (appEntitlementDetails: map, appEntitlements: map)
      EntitlementToDetails (entitlementDetails: map)
        CampaignEntitlementDetails (appId: string, entitlementId: string, policyId: string)
      MultiAppEntitlement (appId: string, entitlementIds: array)
    ReviewerAttributeConfig (bindings: array)
      ReviewerAttributeBinding (appId: string, attributeKey: string)
    AccessReviewScope (appUserStatuses: array, appUserTypes: array)
      AccessReviewScopeAppUserStatuses (enum: APP_USER_STATUS_UNSPECIFIED, APP_USER_STATUS_ENABLED, APP_USER_STATUS_DISABLED ...)
      AccessReviewScopeAppUserTypes (enum: APP_USER_TYPE_UNSPECIFIED, APP_USER_TYPE_USER, APP_USER_TYPE_SERVICE_ACCOUNT ...)
    AccessReviewScopeType (enum: ACCESS_REVIEW_SCOPE_TYPE_UNSPECIFIED, ACCESS_REVIEW_SCOPE_TYPE_BY_ENTITLEMENTS, ACCESS_REVIEW_SCOPE_TYPE_BY_ACCESS_CONFLICTS ...)
    ReviewSignatureConfig (meaningOfSignature: string, requireSignature: boolean, stepUpProviderId: string ...)
    SingleAppSetup (appId: string)
    AccessReviewState (enum: ACCESS_REVIEW_STATE_UNSPECIFIED, ACCESS_REVIEW_STATE_OPEN, ACCESS_REVIEW_STATE_CLOSED ...)
   ActorObjectPermissions (delete: boolean, edit: boolean, extra: map ...)
   Expanded (empty)
C1ApiAccessreviewV1AccessReviewServiceDeleteRequest (id: string, AccessReviewServiceDeleteRequest: AccessReviewServiceDeleteRequest)
 AccessReviewServiceDeleteRequest (empty)
C1ApiAccessreviewV1AccessReviewServiceDeleteResponse (ContentType: string, StatusCode: int32, RawResponse: response ...)
 AccessReviewServiceDeleteResponse (empty)
C1ApiAccessreviewV1AccessReviewServiceGetRequest (id: string)
C1ApiAccessreviewV1AccessReviewServiceGetResponse (ContentType: string, StatusCode: int32, RawResponse: response ...)
 AccessReviewServiceGetResponse (accessReview: AccessReviewView, expanded: array)
   AccessReviewServiceGetResponseExpanded (empty)
C1ApiAccessreviewV1AccessReviewServiceUpdateRequest (id: string, AccessReviewServiceUpdateRequest: AccessReviewServiceUpdateRequest)
 AccessReviewServiceUpdateRequest (accessReview: AccessReview_input, expandMask: AccessReviewExpandMask, updateMask: string)
  AccessReviewInput (accessReviewTemplateId: string, accuracyIssueAction: enum, autoCloseCampaign: boolean ...)
C1ApiAccessreviewV1AccessReviewServiceUpdateResponse (ContentType: string, StatusCode: int32, RawResponse: response ...)
 AccessReviewServiceUpdateResponse (accessReview: AccessReviewView, expanded: array)
   AccessReviewServiceUpdateResponseExpanded (empty)
C1ApiAccessreviewV1AccessReviewServiceListRequest (page_size: int32, page_token: string)
C1ApiAccessreviewV1AccessReviewServiceListResponse (ContentType: string, StatusCode: int32, RawResponse: response ...)
 AccessReviewServiceListResponse (expanded: array, list: array, nextPageToken: string)
   AccessReviewServiceListResponseExpanded (empty)
AccessReviewReport (SDK empty)
C1ApiAccessreviewV1AccessReviewReportServiceListRequest (access_review_id: string, page_size: int32, page_token: string)
C1ApiAccessreviewV1AccessReviewReportServiceListResponse (ContentType: string, StatusCode: int32, RawResponse: response ...)
 AccessReviewReportServiceListResponse (list: array, nextPageToken: string)
   AccessReviewReport (accessReviewId: string, createdAt: date-time, downloadUrl: string ...)
    Format (enum: ACCESS_REVIEW_REPORT_FORMAT_UNSPECIFIED, ACCESS_REVIEW_REPORT_FORMAT_XLSX, ACCESS_REVIEW_REPORT_FORMAT_JSON ...)
    AccessReviewReportState (enum: REPORT_STATE_UNSPECIFIED, REPORT_STATE_PENDING, REPORT_STATE_OK ...)
AccessReviewActions (SDK empty)
C1ApiAccessreviewV1AccessReviewActionsServiceGenerateReportRequest (access_review_id: string, AccessReviewActionsServiceGenerateReportRequest: AccessReviewActionsServiceGenerateReportRequest)
 AccessReviewActionsServiceGenerateReportRequest (format: enum, reportColumnConfig: AccessReviewReportColumnConfig)
  AccessReviewActionsServiceGenerateReportRequestFormat (enum: ACCESS_REVIEW_REPORT_FORMAT_UNSPECIFIED, ACCESS_REVIEW_REPORT_FORMAT_XLSX, ACCESS_REVIEW_REPORT_FORMAT_JSON ...)
  AccessReviewReportColumnConfig (columns: array)
    AccessReviewReportColumnConfigColumns (enum: ACCESS_REVIEW_REPORT_COLUMN_UNSPECIFIED, ACCESS_REVIEW_REPORT_COLUMN_EMPLOYEE_ID, ACCESS_REVIEW_REPORT_COLUMN_JOB_TITLE ...)
C1ApiAccessreviewV1AccessReviewActionsServiceGenerateReportResponse (ContentType: string, StatusCode: int32, RawResponse: response ...)
 AccessReviewActionsServiceGenerateReportResponse (empty)
AccessReviewSetupEntitlement (SDK empty)
C1ApiAccessreviewV1AccessReviewSetupEntitlementServiceGetCampaignScopeAndEntitlementsRequest (access_review_id: string)
C1ApiAccessreviewV1AccessReviewSetupEntitlementServiceGetCampaignScopeAndEntitlementsResponse (ContentType: string, StatusCode: int32, RawResponse: response ...)
 AccessReviewSetupEntitlementAndScopeServiceSetResponse (expanded: array, list: array, scopeV2: AccessReviewScopeV2)
   AccessReviewSetupEntitlementAndScopeServiceSetResponseExpanded (empty)
   AccessReviewSetupEntitlementView (accessReviewEntitlement: AccessReviewSetupEntitlement, appPath: string, entitlementPath: string ...)
    AccessReviewSetupEntitlement (accessReviewId: string, appEntitlementId: string, appId: string ...)
C1ApiAccessreviewV1AccessReviewSetupEntitlementServiceSetCampaignScopeAndEntitlementsRequest (access_review_id: string, AccessReviewSetupEntitlementAndScopeServiceSetRequest: AccessReviewSetupEntitlementAndScopeServiceSetRequest)
 AccessReviewSetupEntitlementAndScopeServiceSetRequest (entitlements: array, expandMask: AccessReviewSetupEntitlementExpandMask, scopeV2: AccessReviewScopeV2)
   AccessReviewSetupEntitlementInput (appEntitlementId: string, appId: string)
  AccessReviewSetupEntitlementExpandMask (paths: array)
C1ApiAccessreviewV1AccessReviewSetupEntitlementServiceSetCampaignScopeAndEntitlementsResponse (ContentType: string, StatusCode: int32, RawResponse: response ...)
C1ApiAccessreviewV1AccessReviewSetupEntitlementServiceSetCampaignScopeByResourceTypeRequest (access_review_id: string, AccessReviewSetScopeByResourceTypeRequest: AccessReviewSetScopeByResourceTypeRequest)
 AccessReviewSetScopeByResourceTypeRequest (resourceTypeSelections: array, scopeV2: AccessReviewScopeV2)
   ResourceTypeIdRef (appId: string, resourceTypeId: string)
C1ApiAccessreviewV1AccessReviewSetupEntitlementServiceSetCampaignScopeByResourceTypeResponse (ContentType: string, StatusCode: int32, RawResponse: response ...)
 AccessReviewSetScopeByResourceTypeResponse (empty)
AccessReviewTemplate (SDK empty)
AccessReviewTemplateServiceCreateRequest (accessReviewDuration: string, accuracyIssueAction: enum, annotations: map ...)
 AccessReviewTemplateServiceCreateRequestAccuracyIssueAction (enum: ACCURACY_ISSUE_ACTION_UNSPECIFIED, ACCURACY_ISSUE_ACTION_CONTINUE, ACCURACY_ISSUE_ACTION_WAIT)
 AccessReviewTemplateServiceCreateRequestAutoCloseDecision (enum: CLOSE_DECISION_UNSPECIFIED, CLOSE_DECISION_REVOKED, CLOSE_DECISION_SKIP ...)
 AccessReviewTemplateServiceCreateRequestDefaultView (enum: ACCESS_REVIEW_VIEW_TYPE_UNSPECIFIED, ACCESS_REVIEW_VIEW_TYPE_BY_APP, ACCESS_REVIEW_VIEW_TYPE_BY_USER ...)
 RecurrenceRule (endDate: date-time, frequency: enum, interval: int32 ...)
  Frequency (enum: FREQUENCY_UNSPECIFIED, FREQUENCY_NONE, FREQUENCY_DAILY ...)
 AccessReviewTemplateServiceCreateRequestScopeType (enum: ACCESS_REVIEW_SCOPE_TYPE_UNSPECIFIED, ACCESS_REVIEW_SCOPE_TYPE_BY_ENTITLEMENTS, ACCESS_REVIEW_SCOPE_TYPE_BY_ACCESS_CONFLICTS ...)
C1ApiAccessreviewV1AccessReviewTemplateServiceCreateResponse (ContentType: string, StatusCode: int32, RawResponse: response ...)
 AccessReviewTemplateServiceCreateResponse (accessReviewTemplate: AccessReviewTemplate)
  AccessReviewTemplate (accessReviewDuration: string, accuracyIssueAction: enum, annotations: map ...)
   AccessReviewTemplateAccuracyIssueAction (enum: ACCURACY_ISSUE_ACTION_UNSPECIFIED, ACCURACY_ISSUE_ACTION_CONTINUE, ACCURACY_ISSUE_ACTION_WAIT)
   AccessReviewTemplateAutoCloseDecision (enum: CLOSE_DECISION_UNSPECIFIED, CLOSE_DECISION_REVOKED, CLOSE_DECISION_SKIP ...)
   AccessReviewTemplateDefaultView (enum: ACCESS_REVIEW_VIEW_TYPE_UNSPECIFIED, ACCESS_REVIEW_VIEW_TYPE_BY_APP, ACCESS_REVIEW_VIEW_TYPE_BY_USER ...)
   AccessReviewTemplateScopeType (enum: ACCESS_REVIEW_SCOPE_TYPE_UNSPECIFIED, ACCESS_REVIEW_SCOPE_TYPE_BY_ENTITLEMENTS, ACCESS_REVIEW_SCOPE_TYPE_BY_ACCESS_CONFLICTS ...)
   SlackChannel (channelId: string, description: string, isChannelId: boolean ...)
C1ApiAccessreviewV1AccessReviewTemplateServiceDeleteRequest (id: string, AccessReviewTemplateServiceDeleteRequest: AccessReviewTemplateServiceDeleteRequest)
 AccessReviewTemplateServiceDeleteRequest (empty)
C1ApiAccessreviewV1AccessReviewTemplateServiceDeleteResponse (ContentType: string, StatusCode: int32, RawResponse: response ...)
 AccessReviewTemplateServiceDeleteResponse (empty)
C1ApiAccessreviewV1AccessReviewTemplateServiceGetRequest (id: string)
C1ApiAccessreviewV1AccessReviewTemplateServiceGetResponse (ContentType: string, StatusCode: int32, RawResponse: response ...)
 AccessReviewTemplateServiceGetResponse (accessReviewTemplate: AccessReviewTemplate)
C1ApiAccessreviewV1AccessReviewTemplateServiceUpdateRequest (id: string, AccessReviewTemplateServiceUpdateRequest: AccessReviewTemplateServiceUpdateRequest)
 AccessReviewTemplateServiceUpdateRequest (accessReviewTemplate: AccessReviewTemplate_input, updateMask: string)
  AccessReviewTemplateInput (accessReviewDuration: string, accuracyIssueAction: enum, annotations: map ...)
C1ApiAccessreviewV1AccessReviewTemplateServiceUpdateResponse (ContentType: string, StatusCode: int32, RawResponse: response ...)
 AccessReviewTemplateServiceUpdateResponse (accessReviewTemplate: AccessReviewTemplate)
AccessReviewTemplateSetupEntitlement (SDK empty)
C1ApiAccessreviewV1AccessReviewTemplateSetupEntitlementServiceGetScopeAndEntitlementsRequest (access_review_template_id: string)
C1ApiAccessreviewV1AccessReviewTemplateSetupEntitlementServiceGetScopeAndEntitlementsResponse (ContentType: string, StatusCode: int32, RawResponse: response ...)
 AccessReviewTemplateSetupEntitlementServiceSetResponse (expanded: array, list: array, scope: AccessReviewScopeV2)
   AccessReviewTemplateSetupEntitlementServiceSetResponseExpanded (empty)
   AccessReviewTemplateSetupEntitlementView (accessReviewTemplateEntitlement: AccessReviewTemplateSetupEntitlement, appPath: string, entitlementPath: string ...)
    AccessReviewTemplateSetupEntitlement (accessReviewTemplateId: string, appEntitlementId: string, appId: string ...)
C1ApiAccessreviewV1AccessReviewTemplateSetupEntitlementServiceSetScopeAndEntitlementsRequest (access_review_template_id: string, AccessReviewTemplateSetupEntitlementServiceSetRequest: AccessReviewTemplateSetupEntitlementServiceSetRequest)
 AccessReviewTemplateSetupEntitlementServiceSetRequest (entitlements: array, expandMask: AccessReviewTemplateSetupEntitlementExpandMask, scope: AccessReviewScopeV2)
   AccessReviewTemplateSetupEntitlementInput (appEntitlementId: string, appId: string)
  AccessReviewTemplateSetupEntitlementExpandMask (paths: array)
C1ApiAccessreviewV1AccessReviewTemplateSetupEntitlementServiceSetScopeAndEntitlementsResponse (ContentType: string, StatusCode: int32, RawResponse: response ...)
C1ApiAccessreviewV1AccessReviewTemplateSetupEntitlementServiceSetScopeByResourceTypeRequest (access_review_template_id: string, AccessReviewTemplateSetScopeByResourceTypeRequest: AccessReviewTemplateSetScopeByResourceTypeRequest)
 AccessReviewTemplateSetScopeByResourceTypeRequest (resourceTypeSelections: array, scope: AccessReviewScopeV2)
C1ApiAccessreviewV1AccessReviewTemplateSetupEntitlementServiceSetScopeByResourceTypeResponse (ContentType: string, StatusCode: int32, RawResponse: response ...)
 AccessReviewTemplateSetScopeByResourceTypeResponse (empty)
AccessConflict (SDK empty)
ConflictMonitorCreateRequest (description: string, displayName: string, notificationConfig: AccessConflictNotificationConfig)
 AccessConflictNotificationConfig (emailNotifications: EmailNotifications, slackNotifications: SlackNotifications)
  EmailNotifications (enabled: boolean, identityUserIds: array)
  SlackNotifications (channelId: string, channelName: string, enabled: boolean)
C1ApiAccessconflictV1AccessConflictServiceCreateMonitorResponse (ContentType: string, StatusCode: int32, RawResponse: response ...)
 ConflictMonitor (createdAt: date-time, deletedAt: date-time, description: string ...)
C1ApiAccessconflictV1AccessConflictServiceDeleteMonitorRequest (id: string, ConflictMonitorDeleteRequest: ConflictMonitorDeleteRequest)
 ConflictMonitorDeleteRequest (empty)
C1ApiAccessconflictV1AccessConflictServiceDeleteMonitorResponse (ContentType: string, StatusCode: int32, RawResponse: response ...)
 ConflictMonitorDeleteResponse (empty)
C1ApiAccessconflictV1AccessConflictServiceGetMonitorRequest (id: string)
C1ApiAccessconflictV1AccessConflictServiceGetMonitorResponse (ContentType: string, StatusCode: int32, RawResponse: response ...)
C1ApiAccessconflictV1AccessConflictServiceUpdateMonitorRequest (id: string, ConflictMonitorUpdateRequest: ConflictMonitorUpdateRequest)
 ConflictMonitorUpdateRequest (description: string, displayName: string, negateGroupB: boolean ...)
C1ApiAccessconflictV1AccessConflictServiceUpdateMonitorResponse (ContentType: string, StatusCode: int32, RawResponse: response ...)
AppUser (SDK empty)
ListOwnedServiceAccountsRequest (expandMask: AppUserExpandMask, pageSize: int32, pageToken: string)
 AppUserExpandMask (paths: array)
C1ApiAppV1AppUserServiceListOwnedServiceAccountsResponse (ContentType: string, StatusCode: int32, RawResponse: response ...)
 ListOwnedServiceAccountsResponse (expanded: array, list: array, nextPageToken: string)
   ListOwnedServiceAccountsResponseExpanded (empty)
   AppUserView (appPath: string, appUser: AppUser, identityUserPath: string ...)
    AppUser (agentStatus: enum, appId: string, appUserType: enum ...)
     AgentStatus (enum: APP_USER_AGENT_STATUS_UNSPECIFIED, APP_USER_AGENT_STATUS_READY, APP_USER_AGENT_STATUS_DISABLED ...)
     AppUserType (enum: APP_USER_TYPE_UNSPECIFIED, APP_USER_TYPE_USER, APP_USER_TYPE_SERVICE_ACCOUNT ...)
     NhiType (enum: APP_USER_NHI_TYPE_UNSPECIFIED, APP_USER_NHI_TYPE_APP_REGISTRATION, APP_USER_NHI_TYPE_ASSUMABLE_ROLE ...)
     Profile (empty)
     AppUserStatus (details: string, status: enum)
      AppUserStatusStatus (enum: STATUS_UNSPECIFIED, STATUS_ENABLED, STATUS_DISABLED ...)
C1ApiAppV1AppUserServiceListRequest (app_id: string, page_size: int32, page_token: string)
C1ApiAppV1AppUserServiceListResponse (ContentType: string, StatusCode: int32, RawResponse: response ...)
 AppUserServiceListResponse (expanded: array, list: array, nextPageToken: string)
   AppUserServiceListResponseExpanded (empty)
C1ApiAppV1AppUserServiceListAppUserCredentialsRequest (app_id: string, app_user_id: string, page_size: int32 ...)
C1ApiAppV1AppUserServiceListAppUserCredentialsResponse (ContentType: string, StatusCode: int32, RawResponse: response ...)
 AppUserServiceListCredentialsResponse (list: array, nextPageToken: string)
   AppUserCredential (appId: string, appUserId: string, createdAt: date-time ...)
    EncryptedData (description: string, encryptedBytes: string, keyId: string ...)
C1ApiAppV1AppUserServiceListAppUsersForUserRequest (app_id: string, user_id: string, page_size: int32 ...)
C1ApiAppV1AppUserServiceListAppUsersForUserResponse (ContentType: string, StatusCode: int32, RawResponse: response ...)
 AppUsersForUserServiceListResponse (expanded: array, list: array, nextPageToken: string)
   AppUsersForUserServiceListResponseExpanded (empty)
C1ApiAppV1AppUserServiceUpdateRequest (app_user_app_id: string, app_user_id: string, AppUserServiceUpdateRequest: AppUserServiceUpdateRequest)
 AppUserServiceUpdateRequest (appUser: AppUser_input, updateMask: string)
  AppUserInput (appUserType: enum, status: AppUserStatus_input)
   AppUserStatusInput (empty)
C1ApiAppV1AppUserServiceUpdateResponse (ContentType: string, StatusCode: int32, RawResponse: response ...)
 AppUserServiceUpdateResponse (appUserView: AppUserView, expanded: array)
   AppUserServiceUpdateResponseExpanded (empty)
AppUserServiceSearchRequest (agentStatuses: array, appId: string, appIds: array ...)
  AppUserServiceSearchRequestAgentStatuses (enum: APP_USER_AGENT_STATUS_UNSPECIFIED, APP_USER_AGENT_STATUS_READY, APP_USER_AGENT_STATUS_DISABLED ...)
  AppUserDomains (enum: APP_USER_DOMAIN_UNSPECIFIED, APP_USER_DOMAIN_EXTERNAL, APP_USER_DOMAIN_TRUSTED)
  AppUserServiceSearchRequestAppUserStatuses (enum: STATUS_UNSPECIFIED, STATUS_ENABLED, STATUS_DISABLED ...)
  AppUserServiceSearchRequestAppUserTypes (enum: APP_USER_TYPE_UNSPECIFIED, APP_USER_TYPE_USER, APP_USER_TYPE_SERVICE_ACCOUNT ...)
  AppUserServiceSearchRequestNhiTypes (enum: APP_USER_NHI_TYPE_UNSPECIFIED, APP_USER_NHI_TYPE_APP_REGISTRATION, APP_USER_NHI_TYPE_ASSUMABLE_ROLE ...)
  AppUserRef (appId: string, id: string)
 AppUserServiceSearchRequestSortBy (enum: APP_USER_SEARCH_SORT_BY_UNSPECIFIED, APP_USER_SEARCH_SORT_BY_APP)
C1ApiAppV1AppUserServiceSearchResponse (ContentType: string, StatusCode: int32, RawResponse: response ...)
 AppUserServiceSearchResponse (expanded: array, list: array, nextPageToken: string)
   AppUserServiceSearchResponseExpanded (empty)
AppEntitlementMonitorBinding (SDK empty)
DeleteAppEntitlementMonitorBindingRequest (appEntitlementId: string, appId: string, entitlementGroup: enum ...)
 EntitlementGroup (enum: ENTITLEMENT_GROUP_UNSPECIFIED, ENTITLEMENT_GROUP_A, ENTITLEMENT_GROUP_B)
C1ApiAccessconflictV1AppEntitlementMonitorBindingServiceDeleteAppEntitlementMonitorBindingResponse (ContentType: string, StatusCode: int32, RawResponse: response ...)
 DeleteAppEntitlementMonitorBindingResponse (empty)
CreateAppEntitlementMonitorBindingRequest (appEntitlementId: string, appId: string, entitlementGroup: enum ...)
 CreateAppEntitlementMonitorBindingRequestEntitlementGroup (enum: ENTITLEMENT_GROUP_UNSPECIFIED, ENTITLEMENT_GROUP_A, ENTITLEMENT_GROUP_B)
C1ApiAccessconflictV1AppEntitlementMonitorBindingServiceCreateAppEntitlementMonitorBindingResponse (ContentType: string, StatusCode: int32, RawResponse: response ...)
 AppEntitlementMonitorBinding (appEntitlementId: string, appId: string, createdAt: date-time ...)
  AppEntitlementMonitorBindingEntitlementGroup (enum: ENTITLEMENT_GROUP_UNSPECIFIED, ENTITLEMENT_GROUP_A, ENTITLEMENT_GROUP_B)
GetAppEntitlementMonitorBindingRequest (appEntitlementId: string, appId: string, entitlementGroup: enum ...)
 GetAppEntitlementMonitorBindingRequestEntitlementGroup (enum: ENTITLEMENT_GROUP_UNSPECIFIED, ENTITLEMENT_GROUP_A, ENTITLEMENT_GROUP_B)
C1ApiAccessconflictV1AppEntitlementMonitorBindingServiceGetAppEntitlementMonitorBindingResponse (ContentType: string, StatusCode: int32, RawResponse: response ...)
Apps (SDK empty)
C1ApiAppV1AppsListRequest (page_size: int32, page_token: string)
C1ApiAppV1AppsListResponse (ContentType: string, StatusCode: int32, RawResponse: response ...)
 ListAppsResponse (list: array, nextPageToken: string)
   App (accessModel: enum, annotations: map, appAccountId: string ...)
    AccessModel (enum: APP_ACCESS_MODEL_UNSPECIFIED, APP_ACCESS_MODEL_CLASSIC, APP_ACCESS_MODEL_HYBRID ...)
     User (createdAt: date-time, delegatedUserId: string, deletedAt: date-time ...)
       UserAttributeMappingSource (appId: string, appUserId: string, appUserProfileAttributeKey: string ...)
      DirectoryStatus (enum: UNKNOWN, ENABLED, DISABLED ...)
      Origin (enum: USER_ORIGIN_UNSPECIFIED, USER_ORIGIN_DIRECTORY, USER_ORIGIN_LOCAL ...)
      UserProfile (empty)
      UserStatus1 (enum: UNKNOWN, ENABLED, DISABLED ...)
      Type (enum: USER_TYPE_UNSPECIFIED, USER_TYPE_SYSTEM, USER_TYPE_HUMAN ...)
    AppUserMapper (appId: string, mappingCases: array)
      AppUserMapperMatchCase (appId: string, appUserKeyCel: string, caseIndex: integer ...)
    IdentityMatching (enum: APP_USER_IDENTITY_MATCHING_UNSPECIFIED, APP_USER_IDENTITY_MATCHING_STRICT, APP_USER_IDENTITY_MATCHING_DISPLAY_NAME ...)
    AppMatchBatonRef (appId: string, connectorId: string, externalId: string)
CreateAppRequest (annotations: map, appEntitlementOwnerRefs: array, certifyPolicyId: string ...)
 CreateAppRequestIdentityMatching (enum: APP_USER_IDENTITY_MATCHING_UNSPECIFIED, APP_USER_IDENTITY_MATCHING_STRICT, APP_USER_IDENTITY_MATCHING_DISPLAY_NAME ...)
C1ApiAppV1AppsCreateResponse (ContentType: string, StatusCode: int32, RawResponse: response ...)
 CreateAppResponse (app: App)
C1ApiAppV1AppsDeleteRequest (id: string, DeleteAppRequest: DeleteAppRequest)
 DeleteAppRequest (empty)
C1ApiAppV1AppsDeleteResponse (ContentType: string, StatusCode: int32, RawResponse: response ...)
 DeleteAppResponse (empty)
C1ApiAppV1AppsGetRequest (id: string)
C1ApiAppV1AppsGetResponse (ContentType: string, StatusCode: int32, RawResponse: response ...)
 GetAppResponse (app: App)
C1ApiAppV1AppsUpdateRequest (id: string, UpdateAppRequest: UpdateAppRequest)
 UpdateAppRequest (app: App_input, updateMask: string)
  AppInput (accessModel: enum, annotations: map, appUserMapper: AppUserMapper_input ...)
   AppUserMapperInput (mappingCases: array)
     AppUserMapperMatchCaseInput (appUserKeyCel: string, userKeyCel: string)
C1ApiAppV1AppsUpdateResponse (ContentType: string, StatusCode: int32, RawResponse: response ...)
 UpdateAppResponse (app: App)
AppAccessRequestsDefaults (SDK empty)
C1ApiAppV1AppAccessRequestsDefaultsServiceGetAppAccessRequestsDefaultsRequest (app_id: string)
C1ApiAppV1AppAccessRequestsDefaultsServiceGetAppAccessRequestsDefaultsResponse (ContentType: string, StatusCode: int32, RawResponse: response ...)
 AppAccessRequestDefaults (appId: string, catalogIds: array, defaultsEnabled: boolean ...)
  DurationUnset (empty)
  AppAccessRequestDefaultsState (enum: APP_ACCESS_REQUEST_DEFAULTS_LAST_APPLY_STATE_UNSPECIFIED, APP_ACCESS_REQUEST_DEFAULTS_LAST_APPLY_STATE_RUNNING, APP_ACCESS_REQUEST_DEFAULTS_LAST_APPLY_STATE_SUCCESS ...)
C1ApiAppV1AppAccessRequestsDefaultsServiceCreateAppAccessRequestsDefaultsRequest (app_id: string, AppAccessRequestDefaults: AppAccessRequestDefaults1)
 AppAccessRequestDefaults1 (catalogIds: array, defaultsEnabled: boolean, durationGrant: string ...)
C1ApiAppV1AppAccessRequestsDefaultsServiceCreateAppAccessRequestsDefaultsResponse (ContentType: string, StatusCode: int32, RawResponse: response ...)
C1ApiAppV1AppAccessRequestsDefaultsServiceCancelAppAccessRequestsDefaultsRequest (app_id: string, CancelAccessRequestDefaultsRequest: CancelAccessRequestDefaultsRequest)
 CancelAccessRequestDefaultsRequest (empty)
C1ApiAppV1AppAccessRequestsDefaultsServiceCancelAppAccessRequestsDefaultsResponse (ContentType: string, StatusCode: int32, RawResponse: response ...)
Connector (SDK empty)
C1ApiAppV1ConnectorServiceListRequest (app_id: string, page_size: int32, page_token: string)
C1ApiAppV1ConnectorServiceListResponse (ContentType: string, StatusCode: int32, RawResponse: response ...)
 ConnectorServiceListResponse (expanded: array, list: array, nextPageToken: string)
   ConnectorServiceListResponseExpanded (empty)
   ConnectorView (appPath: string, capabilitiesPath: string, connector: Connector ...)
    Connector (appId: string, canResumeSync: boolean, catalogId: string ...)
     Config (@type: string, AdditionalProperties: any)
     ConnectorSyncCronSchedule (cronSpec: string, start: date-time, timezone: string)
     OAuth2AuthorizedAs (authEmail: string, authorizedAt: date-time)
     ConnectorStatus (completedAt: date-time, lastError: string, startedAt: date-time ...)
      ConnectorStatusStatus (enum: SYNC_STATUS_UNSPECIFIED, SYNC_STATUS_RUNNING, SYNC_STATUS_DONE ...)
     SyncConfig (syncResourceTypeIds: array)
C1ApiAppV1ConnectorServiceCreateDelegatedRequest (app_id: string, ConnectorServiceCreateDelegatedRequest: ConnectorServiceCreateDelegatedRequest)
 ConnectorServiceCreateDelegatedRequest (appEntitlementOwnerRefs: array, appManagedStateBindingRef: AppManagedStateBindingRef, catalogId: string ...)
  AppManagedStateBindingRef (appId: string, resourceId: string, resourceTypeId: string)
C1ApiAppV1ConnectorServiceCreateDelegatedResponse (ContentType: string, StatusCode: int32, RawResponse: response ...)
 ConnectorServiceCreateResponse (connectorView: ConnectorView, expanded: array)
   ConnectorServiceCreateResponseExpanded (empty)
C1ApiAppV1ConnectorServiceConfirmSyncValidRequest (app_id: string, connector_id: string, sync_lifecycle_id: string ...)
 ConfirmSyncValidRequest (empty)
C1ApiAppV1ConnectorServiceConfirmSyncValidResponse (ContentType: string, StatusCode: int32, RawResponse: response ...)
 ConfirmSyncValidResponse (empty)
C1ApiAppV1ConnectorServiceGetCredentialsRequest (app_id: string, connector_id: string, id: string)
C1ApiAppV1ConnectorServiceGetCredentialsResponse (ContentType: string, StatusCode: int32, RawResponse: response ...)
 ConnectorServiceGetCredentialsResponse (credential: ConnectorCredential)
  ConnectorCredential (appId: string, clientId: string, clientSecret: string ...)
C1ApiAppV1ConnectorServiceRevokeCredentialRequest (app_id: string, connector_id: string, id: string ...)
 ConnectorServiceRevokeCredentialRequest (empty)
C1ApiAppV1ConnectorServiceRevokeCredentialResponse (ContentType: string, StatusCode: int32, RawResponse: response ...)
 ConnectorServiceRevokeCredentialResponse (empty)
C1ApiAppV1ConnectorServiceForceSyncRequest (app_id: string, connector_id: string, ForceSyncRequest: ForceSyncRequest)
 ForceSyncRequest (empty)
C1ApiAppV1ConnectorServiceForceSyncResponse (ContentType: string, StatusCode: int32, RawResponse: response ...)
 ForceSyncResponse (empty)
C1ApiAppV1ConnectorServicePauseSyncRequest (app_id: string, connector_id: string, PauseSyncRequest: PauseSyncRequest)
 PauseSyncRequest (empty)
C1ApiAppV1ConnectorServicePauseSyncResponse (ContentType: string, StatusCode: int32, RawResponse: response ...)
 PauseSyncResponse (empty)
C1ApiAppV1ConnectorServiceResumeSyncRequest (app_id: string, connector_id: string, ResumeSyncRequest: ResumeSyncRequest)
 ResumeSyncRequest (empty)
C1ApiAppV1ConnectorServiceResumeSyncResponse (ContentType: string, StatusCode: int32, RawResponse: response ...)
 ResumeSyncResponse (empty)
C1ApiAppV1ConnectorServiceUpdateConnectorScheduleRequest (app_id: string, connector_id: string, UpdateConnectorScheduleRequest: UpdateConnectorScheduleRequest)
 UpdateConnectorScheduleRequest (cron: ConnectorScheduleCron)
  ConnectorScheduleCron (cronSpec: string, timezone: string)
C1ApiAppV1ConnectorServiceUpdateConnectorScheduleResponse (ContentType: string, StatusCode: int32, RawResponse: response ...)
 UpdateConnectorScheduleResponse (empty)
C1ApiAppV1ConnectorServiceGetConnectorSyncDownloadUrlRequest (app_id: string, connector_id: string, sync_id: string)
C1ApiAppV1ConnectorServiceGetConnectorSyncDownloadUrlResponse (ContentType: string, StatusCode: int32, RawResponse: response ...)
 GetConnectorSyncDownloadUrlResponse (downloadUrl: string)
C1ApiAppV1ConnectorServiceDeleteRequest (app_id: string, id: string, ConnectorServiceDeleteRequest: ConnectorServiceDeleteRequest)
 ConnectorServiceDeleteRequest (empty)
C1ApiAppV1ConnectorServiceDeleteResponse (ContentType: string, StatusCode: int32, RawResponse: response ...)
 ConnectorServiceDeleteResponse (empty)
C1ApiAppV1ConnectorServiceGetRequest (app_id: string, id: string)
C1ApiAppV1ConnectorServiceGetResponse (ContentType: string, StatusCode: int32, RawResponse: response ...)
 ConnectorServiceGetResponse (connectorView: ConnectorView, expanded: array)
   ConnectorServiceGetResponseExpanded (empty)
C1ApiAppV1ConnectorServiceUpdateRequest (app_id: string, id: string, ConnectorServiceUpdateRequest: ConnectorServiceUpdateRequest)
 ConnectorServiceUpdateRequest (connector: Connector_input, updateMask: string)
  ConnectorInput (appId: string, canResumeSync: boolean, catalogId: string ...)
   OAuth2AuthorizedAsInput (empty)
C1ApiAppV1ConnectorServiceUpdateResponse (ContentType: string, StatusCode: int32, RawResponse: response ...)
 ConnectorServiceUpdateResponse (connectorView: ConnectorView, expanded: array)
   ConnectorServiceUpdateResponseExpanded (empty)
C1ApiAppV1ConnectorServiceCreateRequest (app_id: string, ConnectorServiceCreateRequest: ConnectorServiceCreateRequest)
 ConnectorServiceCreateRequest (catalogId: string, config: class, description: string ...)
  ConnectorServiceCreateRequestConfig (@type: string, AdditionalProperties: any)
C1ApiAppV1ConnectorServiceCreateResponse (ContentType: string, StatusCode: int32, RawResponse: response ...)
C1ApiAppV1ConnectorServiceUpdateDelegatedRequest (connector_app_id: string, connector_id: string, ConnectorServiceUpdateDelegatedRequest: ConnectorServiceUpdateDelegatedRequest)
 ConnectorServiceUpdateDelegatedRequest (connector: Connector_input, updateMask: string)
C1ApiAppV1ConnectorServiceUpdateDelegatedResponse (ContentType: string, StatusCode: int32, RawResponse: response ...)
ConnectorServiceRotateCredentialRequest (appId: string, connectorId: string)
C1ApiAppV1ConnectorServiceRotateCredentialResponse (ContentType: string, StatusCode: int32, RawResponse: response ...)
 ConnectorServiceRotateCredentialResponse (credential: ConnectorCredential)
EditorValidateRequest (text: string)
C1ApiAppV1ConnectorServiceValidateHttpConnectorConfigResponse (ContentType: string, StatusCode: int32, RawResponse: response ...)
 EditorValidateResponse (markers: array)
   EditorMarker (endColumn: int32, endLineNumber: int32, message: string ...)
    Severity (enum: UNKNOWN, HINT, INFO ...)
McpResource (SDK empty)
C1ApiAiGovernanceV1McpResourceServiceListRequest (app_id: string, connector_id: string, page_size: int32 ...)
C1ApiAiGovernanceV1McpResourceServiceListResponse (ContentType: string, StatusCode: int32, RawResponse: response ...)
 McpResourceServiceListResponse (nextPageToken: string, resources: array)
   McpResource (appEntitlementId: string, appId: string, connectorId: string ...)
    Kind (enum: MCP_RESOURCE_KIND_UNSPECIFIED, MCP_RESOURCE_KIND_STATIC, MCP_RESOURCE_KIND_TEMPLATE)
    McpResourceState (enum: MCP_RESOURCE_STATE_UNSPECIFIED, MCP_RESOURCE_STATE_PENDING_REVIEW, MCP_RESOURCE_STATE_APPROVED ...)
C1ApiAiGovernanceV1McpResourceServiceGetRequest (app_id: string, connector_id: string, id: string)
C1ApiAiGovernanceV1McpResourceServiceGetResponse (ContentType: string, StatusCode: int32, RawResponse: response ...)
 McpResourceServiceGetResponse (resource: MCPResource)
C1ApiAiGovernanceV1McpResourceServiceUpdateRequest (app_id: string, connector_id: string, id: string ...)
 McpResourceServiceUpdateRequest (resource: MCPResource_input, updateMask: string)
  McpResourceInput (appEntitlementId: string, appId: string, connectorId: string ...)
C1ApiAiGovernanceV1McpResourceServiceUpdateResponse (ContentType: string, StatusCode: int32, RawResponse: response ...)
 McpResourceServiceUpdateResponse (resource: MCPResource)
C1ApiAiGovernanceV1McpResourceServiceListHistoryRequest (app_id: string, connector_id: string, id: string ...)
C1ApiAiGovernanceV1McpResourceServiceListHistoryResponse (ContentType: string, StatusCode: int32, RawResponse: response ...)
 McpResourceServiceListHistoryResponse (list: array, nextPageToken: string)
   McpResourceHistoryEntry (metadata: HistoryEntryMetadata, snapshot: MCPResource)
    HistoryEntryMetadata (actor: HistoryActor, annotations: array, changeKind: enum ...)
     HistoryActor (kind: enum, userId: string)
      HistoryActorKind (enum: ACTOR_KIND_UNSPECIFIED, ACTOR_KIND_API, ACTOR_KIND_SLACK ...)
      HistoryAnnotation (displayLabel: string, displayUrl: string, displayValue: string ...)
       HistoryAnnotationKind (enum: ANNOTATION_KIND_UNSPECIFIED, ANNOTATION_KIND_GENERIC, ANNOTATION_KIND_TICKET ...)
     ChangeKind (enum: CHANGE_KIND_UNSPECIFIED, CHANGE_KIND_CREATE, CHANGE_KIND_PUT ...)
C1ApiAiGovernanceV1McpResourceServiceSearchRequest (app_id: string, connector_id: string, MCPResourceServiceSearchRequest: MCPResourceServiceSearchRequest)
 McpResourceServiceSearchRequest (includeGrantStatus: boolean, kindFilter: array, pageSize: int32 ...)
   KindFilter (enum: MCP_RESOURCE_KIND_UNSPECIFIED, MCP_RESOURCE_KIND_STATIC, MCP_RESOURCE_KIND_TEMPLATE)
  SortBy (enum: MCP_RESOURCE_SORT_BY_UNSPECIFIED, MCP_RESOURCE_SORT_BY_NAME, MCP_RESOURCE_SORT_BY_URI ...)
  SortDirection (enum: SORT_DIRECTION_UNSPECIFIED, SORT_DIRECTION_ASC, SORT_DIRECTION_DESC)
   StateFilter (enum: MCP_RESOURCE_STATE_UNSPECIFIED, MCP_RESOURCE_STATE_PENDING_REVIEW, MCP_RESOURCE_STATE_APPROVED ...)
C1ApiAiGovernanceV1McpResourceServiceSearchResponse (ContentType: string, StatusCode: int32, RawResponse: response ...)
 McpResourceServiceSearchResponse (list: array, nextPageToken: string)
McpTool (SDK empty)
C1ApiAiGovernanceV1McpToolServiceListRequest (app_id: string, connector_id: string, page_size: int32 ...)
C1ApiAiGovernanceV1McpToolServiceListResponse (ContentType: string, StatusCode: int32, RawResponse: response ...)
 McpToolServiceListResponse (nextPageToken: string, tools: array)
   McpTool (allowedClientTypes: array, appEntitlementId: string, appId: string ...)
     AllowedClientTypes (enum: MCP_CLIENT_TYPE_UNSPECIFIED, MCP_CLIENT_TYPE_PERSONAL, MCP_CLIENT_TYPE_SHARED ...)
    Classification (enum: TOOL_CLASSIFICATION_UNSPECIFIED, TOOL_CLASSIFICATION_READ, TOOL_CLASSIFICATION_WRITE ...)
    DefaultClassification (enum: TOOL_CLASSIFICATION_UNSPECIFIED, TOOL_CLASSIFICATION_READ, TOOL_CLASSIFICATION_WRITE ...)
    DefaultVisibility (enum: TOOL_VISIBILITY_UNSPECIFIED, TOOL_VISIBILITY_FEATURED, TOOL_VISIBILITY_AVAILABLE ...)
    McpToolState (enum: MCP_TOOL_STATE_UNSPECIFIED, MCP_TOOL_STATE_PENDING_REVIEW, MCP_TOOL_STATE_APPROVED ...)
    Visibility (enum: TOOL_VISIBILITY_UNSPECIFIED, TOOL_VISIBILITY_FEATURED, TOOL_VISIBILITY_AVAILABLE ...)
C1ApiAiGovernanceV1McpToolServiceDeleteRequest (app_id: string, connector_id: string, id: string ...)
 McpToolServiceDeleteRequest (empty)
C1ApiAiGovernanceV1McpToolServiceDeleteResponse (ContentType: string, StatusCode: int32, RawResponse: response ...)
 McpToolServiceDeleteResponse (empty)
C1ApiAiGovernanceV1McpToolServiceGetRequest (app_id: string, connector_id: string, id: string)
C1ApiAiGovernanceV1McpToolServiceGetResponse (ContentType: string, StatusCode: int32, RawResponse: response ...)
 McpToolServiceGetResponse (tool: MCPTool)
C1ApiAiGovernanceV1McpToolServiceUpdateRequest (app_id: string, connector_id: string, id: string ...)
 McpToolServiceUpdateRequest (tool: MCPTool_input, updateMask: string)
  McpToolInput (allowedClientTypes: array, appEntitlementId: string, appId: string ...)
C1ApiAiGovernanceV1McpToolServiceUpdateResponse (ContentType: string, StatusCode: int32, RawResponse: response ...)
 McpToolServiceUpdateResponse (tool: MCPTool)
C1ApiAiGovernanceV1McpToolServiceListHistoryRequest (app_id: string, connector_id: string, id: string ...)
C1ApiAiGovernanceV1McpToolServiceListHistoryResponse (ContentType: string, StatusCode: int32, RawResponse: response ...)
 McpToolServiceListHistoryResponse (list: array, nextPageToken: string)
   McpToolHistoryEntry (metadata: HistoryEntryMetadata, snapshot: MCPTool)
C1ApiAiGovernanceV1McpToolServiceSearchRequest (app_id: string, connector_id: string, MCPToolServiceSearchRequest: MCPToolServiceSearchRequest)
 McpToolServiceSearchRequest (accessProfileId: string, accessProfileIds: array, classificationFilter: array ...)
   ClassificationFilter (enum: TOOL_CLASSIFICATION_UNSPECIFIED, TOOL_CLASSIFICATION_READ, TOOL_CLASSIFICATION_WRITE ...)
   McpToolRef (appId: string, connectorId: string, id: string)
  McpToolServiceSearchRequestSortBy (enum: MCP_TOOL_SORT_BY_UNSPECIFIED, MCP_TOOL_SORT_BY_TOOL_NAME, MCP_TOOL_SORT_BY_VISIBILITY ...)
  McpToolServiceSearchRequestSortDirection (enum: SORT_DIRECTION_UNSPECIFIED, SORT_DIRECTION_ASC, SORT_DIRECTION_DESC)
   McpToolServiceSearchRequestStateFilter (enum: MCP_TOOL_STATE_UNSPECIFIED, MCP_TOOL_STATE_PENDING_REVIEW, MCP_TOOL_STATE_APPROVED ...)
   VisibilityFilter (enum: TOOL_VISIBILITY_UNSPECIFIED, TOOL_VISIBILITY_FEATURED, TOOL_VISIBILITY_AVAILABLE ...)
C1ApiAiGovernanceV1McpToolServiceSearchResponse (ContentType: string, StatusCode: int32, RawResponse: response ...)
 McpToolServiceSearchResponse (list: array, nextPageToken: string)
McpAccessProfile (SDK empty)
C1ApiAiGovernanceV1McpAccessProfileServiceListRequest (app_id: string, connector_id: string, page_size: int32 ...)
C1ApiAiGovernanceV1McpAccessProfileServiceListResponse (ContentType: string, StatusCode: int32, RawResponse: response ...)
 McpAccessProfileServiceListResponse (nextPageToken: string, profiles: array)
   McpAccessProfile (appEntitlementId: string, appId: string, connectorDisplayName: string ...)
C1ApiAiGovernanceV1McpAccessProfileServiceCreateRequest (app_id: string, connector_id: string, MCPAccessProfileServiceCreateRequest: MCPAccessProfileServiceCreateRequest)
 McpAccessProfileServiceCreateRequest (description: string, displayName: string)
C1ApiAiGovernanceV1McpAccessProfileServiceCreateResponse (ContentType: string, StatusCode: int32, RawResponse: response ...)
 McpAccessProfileServiceCreateResponse (profile: MCPAccessProfile)
C1ApiAiGovernanceV1McpAccessProfileServiceDeleteRequest (app_id: string, connector_id: string, id: string ...)
 McpAccessProfileServiceDeleteRequest (empty)
C1ApiAiGovernanceV1McpAccessProfileServiceDeleteResponse (ContentType: string, StatusCode: int32, RawResponse: response ...)
 McpAccessProfileServiceDeleteResponse (empty)
C1ApiAiGovernanceV1McpAccessProfileServiceGetRequest (app_id: string, connector_id: string, id: string)
C1ApiAiGovernanceV1McpAccessProfileServiceGetResponse (ContentType: string, StatusCode: int32, RawResponse: response ...)
 McpAccessProfileServiceGetResponse (profile: MCPAccessProfile)
C1ApiAiGovernanceV1McpAccessProfileServiceUpdateRequest (app_id: string, connector_id: string, id: string ...)
 McpAccessProfileServiceUpdateRequest (profile: MCPAccessProfile_input, updateMask: string)
  McpAccessProfileInput (appEntitlementId: string, appId: string, connectorId: string ...)
C1ApiAiGovernanceV1McpAccessProfileServiceUpdateResponse (ContentType: string, StatusCode: int32, RawResponse: response ...)
 McpAccessProfileServiceUpdateResponse (profile: MCPAccessProfile)
C1ApiAiGovernanceV1McpAccessProfileServiceGetByAppEntitlementIdRequest (app_id: string, app_entitlement_id: string)
C1ApiAiGovernanceV1McpAccessProfileServiceGetByAppEntitlementIdResponse (ContentType: string, StatusCode: int32, RawResponse: response ...)
 McpAccessProfileServiceGetByAppEntitlementIdResponse (profile: MCPAccessProfile)
C1ApiAiGovernanceV1McpAccessProfileServiceSearchAccessProfilesRequest (page_size: int32, page_token: string, query: string)
C1ApiAiGovernanceV1McpAccessProfileServiceSearchAccessProfilesResponse (ContentType: string, StatusCode: int32, RawResponse: response ...)
 McpAccessProfileServiceSearchAccessProfilesResponse (nextPageToken: string, profiles: array)
C1ApiAiGovernanceV1McpAccessProfileServiceListRequestableConnectorsRequest (user_id: string)
C1ApiAiGovernanceV1McpAccessProfileServiceListRequestableConnectorsResponse (ContentType: string, StatusCode: int32, RawResponse: response ...)
 McpAccessProfileServiceListRequestableConnectorsResponse (connectors: array)
   RequestableConnector (appId: string, connectorId: string)
C1ApiAiGovernanceV1McpAccessProfileServiceSearchRequestableConnectorsRequest (user_id: string, grant_enrollment_status: enum, page_size: int32 ...)
 GrantEnrollmentStatus (enum: GRANT_ENROLLMENT_STATUS_UNSPECIFIED, GRANT_ENROLLMENT_STATUS_FULLY_GRANTED, GRANT_ENROLLMENT_STATUS_NOT_GRANTED ...)
C1ApiAiGovernanceV1McpAccessProfileServiceSearchRequestableConnectorsResponse (ContentType: string, StatusCode: int32, RawResponse: response ...)
 McpAccessProfileServiceSearchRequestableConnectorsResponse (list: array, nextPageToken: string)
   RequestableConnectorView (appId: string, connectorId: string, description: string ...)
McpAccessProfileToolBinding (SDK empty)
C1ApiAiGovernanceV1McpAccessProfileToolBindingServiceListRequest (app_id: string, connector_id: string, access_profile_id: string ...)
C1ApiAiGovernanceV1McpAccessProfileToolBindingServiceListResponse (ContentType: string, StatusCode: int32, RawResponse: response ...)
 McpAccessProfileToolBindingServiceListResponse (bindings: array, nextPageToken: string)
   McpAccessProfileToolBinding (accessProfileId: string, appId: string, connectorId: string ...)
C1ApiAiGovernanceV1McpAccessProfileToolBindingServiceCreateBindingsRequest (app_id: string, connector_id: string, access_profile_id: string ...)
 McpAccessProfileToolBindingServiceCreateRequest (mcpToolIds: array)
C1ApiAiGovernanceV1McpAccessProfileToolBindingServiceCreateBindingsResponse (ContentType: string, StatusCode: int32, RawResponse: response ...)
 McpAccessProfileToolBindingServiceCreateResponse (bindings: array)
C1ApiAiGovernanceV1McpAccessProfileToolBindingServiceDeleteBindingsRequest (app_id: string, connector_id: string, access_profile_id: string ...)
 McpAccessProfileToolBindingServiceDeleteRequest (mcpToolIds: array)
C1ApiAiGovernanceV1McpAccessProfileToolBindingServiceDeleteBindingsResponse (ContentType: string, StatusCode: int32, RawResponse: response ...)
 McpAccessProfileToolBindingServiceDeleteResponse (empty)
C1ApiAiGovernanceV1McpAccessProfileToolBindingServiceListToolsByProfileHistoryRequest (app_id: string, connector_id: string, access_profile_id: string ...)
C1ApiAiGovernanceV1McpAccessProfileToolBindingServiceListToolsByProfileHistoryResponse (ContentType: string, StatusCode: int32, RawResponse: response ...)
 McpAccessProfileToolBindingServiceListToolsByProfileHistoryResponse (list: array, nextPageToken: string)
   McpAccessProfileToolBindingHistoryEntry (items: array, metadata: ListHistoryEntryMetadata)
     McpAccessProfileToolBindingHistoryItem (changeKind: enum, listIndex: string)
      McpAccessProfileToolBindingHistoryItemChangeKind (enum: LIST_CHANGE_KIND_UNSPECIFIED, LIST_CHANGE_KIND_ADDED, LIST_CHANGE_KIND_REMOVED)
    ListHistoryEntryMetadata (actor: HistoryActor, annotations: array, createdAt: date-time ...)
C1ApiAiGovernanceV1McpAccessProfileToolBindingServiceListProfilesByToolHistoryRequest (app_id: string, connector_id: string, mcp_tool_id: string ...)
C1ApiAiGovernanceV1McpAccessProfileToolBindingServiceListProfilesByToolHistoryResponse (ContentType: string, StatusCode: int32, RawResponse: response ...)
 McpAccessProfileToolBindingServiceListProfilesByToolHistoryResponse (list: array, nextPageToken: string)
C1ApiAiGovernanceV1McpAccessProfileToolBindingServiceGetAccessProfilesForToolsRequest (app_id: string, connector_id: string, MCPAccessProfileToolBindingServiceGetAccessProfilesForToolsRequest: MCPAccessProfileToolBindingServiceGetAccessProfilesForToolsRequest)
 McpAccessProfileToolBindingServiceGetAccessProfilesForToolsRequest (mcpToolIds: array)
C1ApiAiGovernanceV1McpAccessProfileToolBindingServiceGetAccessProfilesForToolsResponse (ContentType: string, StatusCode: int32, RawResponse: response ...)
 McpAccessProfileToolBindingServiceGetAccessProfilesForToolsResponse (accessProfilesForTools: array)
   AccessProfilesForTool (accessProfiles: array, mcpToolId: string)
AppEntitlementRoutingRule (SDK empty)
C1ApiAppV1AppEntitlementRoutingRuleServiceListAppEntitlementRoutingRulesRequest (app_id: string)
C1ApiAppV1AppEntitlementRoutingRuleServiceListAppEntitlementRoutingRulesResponse (ContentType: string, StatusCode: int32, RawResponse: response ...)
 ListAppEntitlementRoutingRulesResponse (list: array, nextPageToken: string)
   AppEntitlementRoutingRule (appId: string, condition: string, createdAt: date-time ...)
    AppEntitlementRoutingRuleSettings (emergencyGrantEnabled: boolean, emergencyGrantPolicyId: string, maxGrantDuration: string ...)
C1ApiAppV1AppEntitlementRoutingRuleServiceCreateAppEntitlementRoutingRuleRequest (app_id: string, CreateAppEntitlementRoutingRuleRequest: CreateAppEntitlementRoutingRuleRequest)
 CreateAppEntitlementRoutingRuleRequest (condition: string, description: string, displayName: string ...)
C1ApiAppV1AppEntitlementRoutingRuleServiceCreateAppEntitlementRoutingRuleResponse (ContentType: string, StatusCode: int32, RawResponse: response ...)
 CreateAppEntitlementRoutingRuleResponse (routingRule: AppEntitlementRoutingRule)
C1ApiAppV1AppEntitlementRoutingRuleServiceDeleteAppEntitlementRoutingRuleRequest (app_id: string, id: string, DeleteAppEntitlementRoutingRuleRequest: DeleteAppEntitlementRoutingRuleRequest)
 DeleteAppEntitlementRoutingRuleRequest (empty)
C1ApiAppV1AppEntitlementRoutingRuleServiceDeleteAppEntitlementRoutingRuleResponse (ContentType: string, StatusCode: int32, RawResponse: response ...)
 DeleteAppEntitlementRoutingRuleResponse (empty)
C1ApiAppV1AppEntitlementRoutingRuleServiceGetAppEntitlementRoutingRuleRequest (app_id: string, id: string)
C1ApiAppV1AppEntitlementRoutingRuleServiceGetAppEntitlementRoutingRuleResponse (ContentType: string, StatusCode: int32, RawResponse: response ...)
 GetAppEntitlementRoutingRuleResponse (routingRule: AppEntitlementRoutingRule)
C1ApiAppV1AppEntitlementRoutingRuleServiceUpdateAppEntitlementRoutingRuleRequest (app_id: string, id: string, UpdateAppEntitlementRoutingRuleRequest: UpdateAppEntitlementRoutingRuleRequest)
 UpdateAppEntitlementRoutingRuleRequest (condition: string, description: string, displayName: string ...)
C1ApiAppV1AppEntitlementRoutingRuleServiceUpdateAppEntitlementRoutingRuleResponse (ContentType: string, StatusCode: int32, RawResponse: response ...)
 UpdateAppEntitlementRoutingRuleResponse (routingRule: AppEntitlementRoutingRule)
C1ApiAppV1AppEntitlementRoutingRuleServiceReorderAppEntitlementRoutingRulesRequest (app_id: string, ReorderAppEntitlementRoutingRulesRequest: ReorderAppEntitlementRoutingRulesRequest)
 ReorderAppEntitlementRoutingRulesRequest (ruleIds: array)
C1ApiAppV1AppEntitlementRoutingRuleServiceReorderAppEntitlementRoutingRulesResponse (ContentType: string, StatusCode: int32, RawResponse: response ...)
 ReorderAppEntitlementRoutingRulesResponse (list: array)
AppEntitlements (SDK empty)
C1ApiAppV1AppEntitlementsListRequest (app_id: string, page_size: int32, page_token: string)
C1ApiAppV1AppEntitlementsListResponse (ContentType: string, StatusCode: int32, RawResponse: response ...)
 ListAppEntitlementsResponse (expanded: array, list: array, nextPageToken: string)
   ListAppEntitlementsResponseExpanded (empty)
   AppEntitlementView (appEntitlement: AppEntitlement, objectPermissions: ActorObjectPermissions)
    AppEntitlement (alias: string, annotations: map, appId: string ...)
     AppEntitlementDurationUnset (empty)
     ProvisionPolicy (action: ActionProvision, connector: ConnectorProvision, delegated: DelegatedProvision ...)
      ActionProvision (actionName: string, appId: string, connectorId: string ...)
      ConnectorProvision (account: AccountProvision, defaultBehavior: DefaultBehavior, deleteAccount: DeleteAccount)
       AccountProvision (config: any, connectorId: string, doNotSave: DoNotSave ...)
        DoNotSave (empty)
        SaveToVault (vaultIds: array)
       DefaultBehavior (connectorId: string)
       DeleteAccount (connectorId: string)
      DelegatedProvision (appId: string, entitlementId: string)
      DevicePlacementProvision (vaultBoundaryId: string)
      ExternalTicketProvision (appId: string, connectorId: string, externalTicketProvisionerConfigId: string ...)
      ManualProvision (assignee: ProvisionerAssignment, instructions: string, userIds: array)
       ProvisionerAssignment (appOwners: AppOwnerProvisioner, entitlementOwners: EntitlementOwnerProvisioner, expression: ExpressionProvisioner ...)
        AppOwnerProvisioner (allowReassignment: boolean, fallbackUserIds: array)
        EntitlementOwnerProvisioner (allowReassignment: boolean, fallbackUserIds: array)
        ExpressionProvisioner (allowReassignment: boolean, expressions: array, fallbackUserIds: array)
        GroupProvisioner (allowReassignment: boolean, appGroupId: string, appId: string ...)
        ManagerProvisioner (allowReassignment: boolean, fallbackUserIds: array)
        UserProvisioner (allowReassignment: boolean, userIds: array)
      UnconfiguredProvision (empty)
      WebhookProvision (webhookId: string)
     Purpose (enum: APP_ENTITLEMENT_PURPOSE_VALUE_UNSPECIFIED, APP_ENTITLEMENT_PURPOSE_VALUE_ASSIGNMENT, APP_ENTITLEMENT_PURPOSE_VALUE_PERMISSION ...)
     DeprovisionerPolicy (action: ActionProvision, connector: ConnectorProvision, delegated: DelegatedProvision ...)
C1ApiAppV1AppEntitlementsCreateRequest (app_id: string, CreateAppEntitlementRequest: CreateAppEntitlementRequest)
 CreateAppEntitlementRequest (alias: string, annotations: map, appResourceId: string ...)
  CreateAppEntitlementRequestDurationUnset (empty)
  CreateAppEntitlementRequestPurpose (enum: APP_ENTITLEMENT_PURPOSE_VALUE_UNSPECIFIED, APP_ENTITLEMENT_PURPOSE_VALUE_ASSIGNMENT, APP_ENTITLEMENT_PURPOSE_VALUE_PERMISSION ...)
C1ApiAppV1AppEntitlementsCreateResponse (ContentType: string, StatusCode: int32, RawResponse: response ...)
 CreateAppEntitlementResponse (appEntitlementView: AppEntitlementView, expanded: array)
   CreateAppEntitlementResponseExpanded (empty)
C1ApiAppV1AppEntitlementsAddManuallyManagedMembersRequest (app_id: string, app_entitlement_id: string, AddManuallyManagedUsersRequest: AddManuallyManagedUsersRequest)
 AddManuallyManagedUsersRequest (userIds: array)
C1ApiAppV1AppEntitlementsAddManuallyManagedMembersResponse (ContentType: string, StatusCode: int32, RawResponse: response ...)
 ManuallyManagedUsersResponse (bulkActionId: string, failedUsersErrorMap: map)
C1ApiAppV1AppEntitlementsDeleteAutomationRequest (app_id: string, app_entitlement_id: string, DeleteAutomationRequest: DeleteAutomationRequest)
 DeleteAutomationRequest (empty)
C1ApiAppV1AppEntitlementsDeleteAutomationResponse (ContentType: string, StatusCode: int32, RawResponse: response ...)
 DeleteAutomationResponse (empty)
C1ApiAppV1AppEntitlementsGetAutomationRequest (app_id: string, app_entitlement_id: string)
C1ApiAppV1AppEntitlementsGetAutomationResponse (ContentType: string, StatusCode: int32, RawResponse: response ...)
 AppEntitlementServiceGetAutomationResponse (AppEntitlementAutomation: AppEntitlementAutomation)
  AppEntitlementAutomation (appEntitlementId: string, appId: string, basic: AppEntitlementAutomationRuleBasic ...)
   AppEntitlementAutomationRuleBasic (expression: string)
   AppEntitlementAutomationRuleCel (expression: string)
   AppEntitlementAutomationRuleEntitlement (entitlementRefs: array)
   AppEntitlementAutomationLastRunStatus (errorMessage: string, lastCompletedAt: date-time, status: enum)
    AppEntitlementAutomationLastRunStatusStatus (enum: APP_ENTITLEMENT_AUTOMATION_RUN_STATUS_UNSPECIFIED, APP_ENTITLEMENT_AUTOMATION_RUN_STATUS_SUCCESS, APP_ENTITLEMENT_AUTOMATION_RUN_STATUS_FAILED ...)
   AppEntitlementAutomationRuleNone (empty)
C1ApiAppV1AppEntitlementsCreateAutomationRequest (app_id: string, app_entitlement_id: string, CreateAutomationRequest: CreateAutomationRequest)
 CreateAutomationRequest (automation: AppEntitlementAutomation_input)
  AppEntitlementAutomationInput (basic: AppEntitlementAutomationRuleBasic, cel: AppEntitlementAutomationRuleCEL, description: string ...)
   AppEntitlementAutomationLastRunStatusInput (empty)
C1ApiAppV1AppEntitlementsCreateAutomationResponse (ContentType: string, StatusCode: int32, RawResponse: response ...)
 CreateAutomationResponse (automation: AppEntitlementAutomation)
C1ApiAppV1AppEntitlementsRemoveAutomationExclusionRequest (app_id: string, app_entitlement_id: string, RemoveAutomationExclusionRequest: RemoveAutomationExclusionRequest)
 RemoveAutomationExclusionRequest (userIds: array)
C1ApiAppV1AppEntitlementsRemoveAutomationExclusionResponse (ContentType: string, StatusCode: int32, RawResponse: response ...)
 RemoveAutomationExclusionResponse (empty)
C1ApiAppV1AppEntitlementsListAutomationExclusionsRequest (app_id: string, app_entitlement_id: string)
C1ApiAppV1AppEntitlementsListAutomationExclusionsResponse (ContentType: string, StatusCode: int32, RawResponse: response ...)
 ListAutomationExclusionsResponse (list: array, nextPageToken: string)
   UserWithAppEntitlementUserBindingView (appEntitlementId: string, appId: string, appUserId: string ...)
C1ApiAppV1AppEntitlementsAddAutomationExclusionRequest (app_id: string, app_entitlement_id: string, AddAutomationExclusionRequest: AddAutomationExclusionRequest)
 AddAutomationExclusionRequest (userIds: array)
C1ApiAppV1AppEntitlementsAddAutomationExclusionResponse (ContentType: string, StatusCode: int32, RawResponse: response ...)
 AddAutomationExclusionResponse (empty)
C1ApiAppV1AppEntitlementsUpdateAutomationRequest (app_id: string, app_entitlement_id: string, AppEntitlementServiceUpdateAutomationRequest: AppEntitlementServiceUpdateAutomationRequest)
 AppEntitlementServiceUpdateAutomationRequest (basic: AppEntitlementAutomationRuleBasic, cel: AppEntitlementAutomationRuleCEL, description: string ...)
C1ApiAppV1AppEntitlementsUpdateAutomationResponse (ContentType: string, StatusCode: int32, RawResponse: response ...)
 AppEntitlementServiceUpdateAutomationResponse (AppEntitlementAutomation: AppEntitlementAutomation)
C1ApiAppV1AppEntitlementsRemoveEntitlementMembershipRequest (app_id: string, app_entitlement_id: string, RemoveEntitlementMembershipRequest: RemoveEntitlementMembershipRequest)
 RemoveEntitlementMembershipRequest (appUserId: string)
C1ApiAppV1AppEntitlementsRemoveEntitlementMembershipResponse (ContentType: string, StatusCode: int32, RawResponse: response ...)
 RemoveEntitlementMembershipResponse (revokeTaskId: string)
C1ApiAppV1AppEntitlementsListUsersRequest (app_id: string, app_entitlement_id: string, page_size: int32 ...)
C1ApiAppV1AppEntitlementsListUsersResponse (ContentType: string, StatusCode: int32, RawResponse: response ...)
 ListAppEntitlementUsersResponse (expanded: array, list: array, nextPageToken: string)
   ListAppEntitlementUsersResponseExpanded (empty)
   AppEntitlementUserView (appEntitlementId: string, appEntitlementUserBindingCreatedAt: date-time, appEntitlementUserBindingDeprovisionAt: date-time ...)
C1ApiAppV1AppEntitlementsDeleteRequest (app_id: string, id: string, DeleteAppEntitlementRequest: DeleteAppEntitlementRequest)
 DeleteAppEntitlementRequest (empty)
C1ApiAppV1AppEntitlementsDeleteResponse (ContentType: string, StatusCode: int32, RawResponse: response ...)
 DeleteAppEntitlementResponse (empty)
C1ApiAppV1AppEntitlementsGetRequest (app_id: string, id: string)
C1ApiAppV1AppEntitlementsGetResponse (ContentType: string, StatusCode: int32, RawResponse: response ...)
 GetAppEntitlementResponse (appEntitlementView: AppEntitlementView, expanded: array)
   GetAppEntitlementResponseExpanded (empty)
C1ApiAppV1AppEntitlementsUpdateRequest (app_id: string, id: string, UpdateAppEntitlementRequest: UpdateAppEntitlementRequest)
 UpdateAppEntitlementRequest (entitlement: AppEntitlement_input, overrideAccessRequestsDefaults: boolean, updateMask: string)
  AppEntitlementInput (alias: string, annotations: map, appId: string ...)
C1ApiAppV1AppEntitlementsUpdateResponse (ContentType: string, StatusCode: int32, RawResponse: response ...)
 UpdateAppEntitlementResponse (appEntitlementView: AppEntitlementView, expanded: array)
   UpdateAppEntitlementResponseExpanded (empty)
C1ApiAppV1AppEntitlementsListForAppResourceRequest (app_id: string, app_resource_type_id: string, app_resource_id: string ...)
C1ApiAppV1AppEntitlementsListForAppResourceResponse (ContentType: string, StatusCode: int32, RawResponse: response ...)
C1ApiAppV1AppEntitlementsListForAppUserRequest (app_id: string, app_user_id: string, page_size: int32 ...)
C1ApiAppV1AppEntitlementsListForAppUserResponse (ContentType: string, StatusCode: int32, RawResponse: response ...)
AppEntitlementSearch (SDK empty)
C1ApiAppV1AppEntitlementSearchServiceSearchAppEntitlementsWithExpiredRequest (app_id: string, app_entitlement_id: string, page_size: int32 ...)
C1ApiAppV1AppEntitlementSearchServiceSearchAppEntitlementsWithExpiredResponse (ContentType: string, StatusCode: int32, RawResponse: response ...)
 SearchAppEntitlementsWithExpiredResponse (list: array, nextPageToken: string)
   AppEntitlementWithExpired (appEntitlementId: string, appId: string, appUser: AppUser ...)
     GrantReason (appEntitlementId: string, appId: string, appUserId: string ...)
      ReferenceStrength (enum: GRANT_REASON_REFERENCE_STRENGTH_UNSPECIFIED, GRANT_REASON_REFERENCE_STRENGTH_WEAK, GRANT_REASON_REFERENCE_STRENGTH_STRONG)
C1ApiAppV1AppEntitlementSearchServiceSearchAppEntitlementsForAppUserRequest (app_id: string, app_user_id: string, page_size: int32 ...)
C1ApiAppV1AppEntitlementSearchServiceSearchAppEntitlementsForAppUserResponse (ContentType: string, StatusCode: int32, RawResponse: response ...)
AppEntitlementSearchServiceSearchRequest (accessReviewId: string, alias: string, appIds: array ...)
  MembershipType (enum: APP_ENTITLEMENT_MEMBERSHIP_TYPE_UNSPECIFIED, APP_ENTITLEMENT_MEMBERSHIP_TYPE_MEMBER, APP_ENTITLEMENT_MEMBERSHIP_TYPE_OWNER ...)
  PolicyRef (id: string)
C1ApiAppV1AppEntitlementSearchServiceSearchResponse (ContentType: string, StatusCode: int32, RawResponse: response ...)
 AppEntitlementSearchServiceSearchResponse (facets: Facets, list: array, nextPageToken: string)
  Facets (count: string, facets: array)
    FacetCategory (displayName: string, iconUrl: string, param: string ...)
     FacetRangeItem (ranges: array)
       FacetRange (count: string, displayName: string, from: string ...)
     FacetValueItem (values: array)
       FacetValue (count: string, displayName: string, iconUrl: string ...)
AppEntitlementSearchServiceSearchGrantsRequest (appIds: array, appUserIds: array, entitlementRefs: array ...)
 AppEntitlementExpandMask (paths: array)
  AppEntitlementSearchServiceSearchGrantsRequestPurpose (enum: APP_ENTITLEMENT_PURPOSE_VALUE_UNSPECIFIED, APP_ENTITLEMENT_PURPOSE_VALUE_ASSIGNMENT, APP_ENTITLEMENT_PURPOSE_VALUE_PERMISSION ...)
C1ApiAppV1AppEntitlementSearchServiceSearchGrantsResponse (ContentType: string, StatusCode: int32, RawResponse: response ...)
 AppEntitlementSearchServiceSearchGrantsResponse (expanded: array, list: array, nextPageToken: string)
   AppEntitlementSearchServiceSearchGrantsResponseExpanded (empty)
   AppEntitlementWithUserBinding (appEntitlementUserBinding: AppEntitlementUserView, entitlement: AppEntitlementView)
AppEntitlementSearchServiceSearchGraphRequest (appId: string, appIds: array, entitlementIds: array ...)
C1ApiAppV1AppEntitlementSearchServiceSearchGraphResponse (ContentType: string, StatusCode: int32, RawResponse: response ...)
 AppEntitlementSearchServiceSearchGraphResponse (edges: array, hasMore: boolean, nodeCeilingHit: boolean ...)
   GraphEdge (hiddenChildren: int32, isTruncated: boolean, sourceId: string ...)
    GraphEdgeType (enum: GRAPH_EDGE_TYPE_UNSPECIFIED, GRAPH_EDGE_TYPE_IDENTITY_LINK, GRAPH_EDGE_TYPE_DIRECT_GRANT ...)
   GraphNode (appId: string, displayName: string, id: string ...)
    GraphNodeType (enum: GRAPH_NODE_TYPE_UNSPECIFIED, GRAPH_NODE_TYPE_USER, GRAPH_NODE_TYPE_APP_USER ...)
AppEntitlementSearchServiceCountGrantsForUserByAppRequest (appIds: array, userId: string)
C1ApiAppV1AppEntitlementSearchServiceCountGrantsForUserByAppResponse (ContentType: string, StatusCode: int32, RawResponse: response ...)
 AppEntitlementSearchServiceCountGrantsForUserByAppResponse (appCount: int32, appGrantCounts: array, appUsers: array ...)
   GraphAppGrantCount (appId: string, grantCount: string)
  Band (enum: GRAPH_SIZE_BAND_UNSPECIFIED, GRAPH_SIZE_BAND_NORMAL, GRAPH_SIZE_BAND_SUMMARIZED ...)
AppEntitlementSearchServiceSearchReachableResourcesForUserRequest (appIds: array, pageSize: int32, pageToken: string ...)
C1ApiAppV1AppEntitlementSearchServiceSearchReachableResourcesForUserResponse (ContentType: string, StatusCode: int32, RawResponse: response ...)
 AppEntitlementSearchServiceSearchReachableResourcesForUserResponse (list: array, nextPageToken: string)
AppEntitlementUserBinding (SDK empty)
C1ApiAppV1AppEntitlementUserBindingServiceRemoveGrantDurationRequest (app_id: string, app_entitlement_id: string, app_user_id: string ...)
 RemoveGrantDurationRequest (empty)
C1ApiAppV1AppEntitlementUserBindingServiceRemoveGrantDurationResponse (ContentType: string, StatusCode: int32, RawResponse: response ...)
 RemoveGrantDurationResponse (binding: AppEntitlementUserBinding)
  AppEntitlementUserBinding (appEntitlementId: string, appId: string, appUserId: string ...)
C1ApiAppV1AppEntitlementUserBindingServiceUpdateGrantDurationRequest (app_id: string, app_entitlement_id: string, app_user_id: string ...)
 UpdateGrantDurationRequest (newDeprovisionAt: date-time)
C1ApiAppV1AppEntitlementUserBindingServiceUpdateGrantDurationResponse (ContentType: string, StatusCode: int32, RawResponse: response ...)
 UpdateGrantDurationResponse (binding: AppEntitlementUserBinding)
C1ApiAppV1AppEntitlementUserBindingServiceListAppUsersForIdentityWithGrantRequest (app_id: string, app_entitlement_id: string, identity_user_id: string)
C1ApiAppV1AppEntitlementUserBindingServiceListAppUsersForIdentityWithGrantResponse (ContentType: string, StatusCode: int32, RawResponse: response ...)
 ListAppUsersForIdentityWithGrantResponse (bindings: array)
SearchGrantFeedRequest (after: date-time, appEntitlementRefs: array, appRefs: array ...)
  AppRef (id: string)
 AppEntitlementUserBindingExpandHistoryMask (paths: array)
  UserRef (id: string)
C1ApiAppV1AppEntitlementUserBindingServiceSearchGrantFeedResponse (ContentType: string, StatusCode: int32, RawResponse: response ...)
 SearchGrantFeedResponse (expanded: array, list: array, nextPageToken: string)
   SearchGrantFeedResponseExpanded (empty)
   AppEntitlementUserBindingFeedView (appPath: string, appUserPath: string, entitlementPath: string ...)
    AppEntitlementUserBindingFeed (appEntitlementId: string, appId: string, appUserId: string ...)
     EventType (enum: GRANT_EVENT_TYPE_UNSPECIFIED, GRANT_EVENT_TYPE_ADDED, GRANT_EVENT_TYPE_REMOVED)
SearchPastGrantsRequest (appEntitlementRefs: array, appIds: array, appUserRefs: array ...)
C1ApiAppV1AppEntitlementUserBindingServiceSearchPastGrantsResponse (ContentType: string, StatusCode: int32, RawResponse: response ...)
 SearchPastGrantsResponse (expanded: array, list: array, nextPageToken: string)
   SearchPastGrantsResponseExpanded (empty)
   AppEntitlementUserBindingHistoryView (appPath: string, appUserPath: string, entitlementPath: string ...)
    AppEntitlementUserBindingHistory (appEntitlementId: string, appId: string, appUserId: string ...)
AppEntitlementOwners (SDK empty)
C1ApiAppV1AppEntitlementOwnersListOwnerIDsRequest (app_id: string, entitlement_id: string)
C1ApiAppV1AppEntitlementOwnersListOwnerIDsResponse (ContentType: string, StatusCode: int32, RawResponse: response ...)
 ListAppEntitlementOwnerIDsResponse (userIds: array)
C1ApiAppV1AppEntitlementOwnersDeleteRequest (app_id: string, entitlement_id: string, DeleteAppEntitlementOwnersRequest: DeleteAppEntitlementOwnersRequest)
 DeleteAppEntitlementOwnersRequest (empty)
C1ApiAppV1AppEntitlementOwnersDeleteResponse (ContentType: string, StatusCode: int32, RawResponse: response ...)
 DeleteAppEntitlementOwnersResponse (empty)
C1ApiAppV1AppEntitlementOwnersListRequest (app_id: string, entitlement_id: string, page_size: int32 ...)
C1ApiAppV1AppEntitlementOwnersListResponse (ContentType: string, StatusCode: int32, RawResponse: response ...)
 ListAppEntitlementOwnersResponse (list: array, nextPageToken: string)
C1ApiAppV1AppEntitlementOwnersAddRequest (app_id: string, entitlement_id: string, AddAppEntitlementOwnerRequest: AddAppEntitlementOwnerRequest)
 AddAppEntitlementOwnerRequest (userId: string)
C1ApiAppV1AppEntitlementOwnersAddResponse (ContentType: string, StatusCode: int32, RawResponse: response ...)
 AddAppEntitlementOwnerResponse (empty)
C1ApiAppV1AppEntitlementOwnersSetRequest (app_id: string, entitlement_id: string, SetAppEntitlementOwnersRequest: SetAppEntitlementOwnersRequest)
 SetAppEntitlementOwnersRequest (userIds: array)
C1ApiAppV1AppEntitlementOwnersSetResponse (ContentType: string, StatusCode: int32, RawResponse: response ...)
 SetAppEntitlementOwnersResponse (empty)
C1ApiAppV1AppEntitlementOwnersRemoveRequest (app_id: string, entitlement_id: string, user_id: string ...)
 RemoveAppEntitlementOwnerRequest (empty)
C1ApiAppV1AppEntitlementOwnersRemoveResponse (ContentType: string, StatusCode: int32, RawResponse: response ...)
 RemoveAppEntitlementOwnerResponse (empty)
McpServer (SDK empty)
C1ApiAiGovernanceV1McpServerServiceListRequest (app_id: string, page_size: int32, page_token: string)
C1ApiAiGovernanceV1McpServerServiceListResponse (ContentType: string, StatusCode: int32, RawResponse: response ...)
 McpServerServiceListResponse (list: array, nextPageToken: string)
   McpServerView (appId: string, authMethod: enum, awsAccessKeyId: string ...)
    AuthMethod (enum: MCP_SERVER_AUTH_METHOD_UNSPECIFIED, MCP_SERVER_AUTH_METHOD_NONE, MCP_SERVER_AUTH_METHOD_BEARER_TOKEN ...)
    DataSensitivity (enum: MCP_SERVER_DATA_SENSITIVITY_UNSPECIFIED, MCP_SERVER_DATA_SENSITIVITY_PUBLIC, MCP_SERVER_DATA_SENSITIVITY_INTERNAL ...)
    Oauth2ClientIdMode (enum: MCP_SERVER_AUTH_OAUTH2_CLIENT_ID_MODE_UNSPECIFIED, MCP_SERVER_AUTH_OAUTH2_CLIENT_ID_MODE_DCR, MCP_SERVER_AUTH_OAUTH2_CLIENT_ID_MODE_CIMD)
    Oauth2Mode (enum: MCP_SERVER_AUTH_OAUTH2_MODE_UNSPECIFIED, MCP_SERVER_AUTH_OAUTH2_MODE_SERVICE, MCP_SERVER_AUTH_OAUTH2_MODE_PASSTHROUGH ...)
    RequireToolApproval (enum: OPTIONAL_BOOL_UNSPECIFIED, OPTIONAL_BOOL_TRUE, OPTIONAL_BOOL_FALSE)
    ServerType (enum: MCP_SERVER_TYPE_UNSPECIFIED, MCP_SERVER_TYPE_HOSTED, MCP_SERVER_TYPE_EXTERNAL)
    TokenSharing (enum: MCP_SERVER_TOKEN_SHARING_UNSPECIFIED, MCP_SERVER_TOKEN_SHARING_SHARED, MCP_SERVER_TOKEN_SHARING_PER_USER)
    TransportType (enum: MCP_SERVER_TRANSPORT_TYPE_UNSPECIFIED, MCP_SERVER_TRANSPORT_TYPE_STREAMABLE_HTTP, MCP_SERVER_TRANSPORT_TYPE_SSE)
C1ApiAiGovernanceV1McpServerServiceRegisterRequest (app_id: string, MCPServerServiceRegisterRequest: MCPServerServiceRegisterRequest)
 McpServerServiceRegisterRequest (acknowledgedFindingIds: array, appManagedStateBindingRef: AppManagedStateBindingRef, dataSensitivity: enum ...)
  McpServerServiceRegisterRequestDataSensitivity (enum: MCP_SERVER_DATA_SENSITIVITY_UNSPECIFIED, MCP_SERVER_DATA_SENSITIVITY_PUBLIC, MCP_SERVER_DATA_SENSITIVITY_INTERNAL ...)
  McpServerExternalConfig (basicAuth: MCPServerAuthBasicAuth, bearerToken: MCPServerAuthBearerToken, customHeader: MCPServerAuthCustomHeader ...)
   McpServerAuthBasicAuth (password: string, username: string)
   McpServerAuthBearerToken (token: string)
   McpServerAuthCustomHeader (headerName: string, headerValue: string)
   McpServerAuthNone (empty)
   McpServerAuthOAuth2 (authorizeUrl: string, clientId: string, clientIdMode: enum ...)
    ClientIdMode (enum: MCP_SERVER_AUTH_OAUTH2_CLIENT_ID_MODE_UNSPECIFIED, MCP_SERVER_AUTH_OAUTH2_CLIENT_ID_MODE_DCR, MCP_SERVER_AUTH_OAUTH2_CLIENT_ID_MODE_CIMD)
    Mode (enum: MCP_SERVER_AUTH_OAUTH2_MODE_UNSPECIFIED, MCP_SERVER_AUTH_OAUTH2_MODE_SERVICE, MCP_SERVER_AUTH_OAUTH2_MODE_PASSTHROUGH ...)
   McpServerExternalConfigRequireToolApproval (enum: OPTIONAL_BOOL_UNSPECIFIED, OPTIONAL_BOOL_TRUE, OPTIONAL_BOOL_FALSE)
   McpServerExternalConfigTokenSharing (enum: MCP_SERVER_TOKEN_SHARING_UNSPECIFIED, MCP_SERVER_TOKEN_SHARING_SHARED, MCP_SERVER_TOKEN_SHARING_PER_USER)
   McpServerExternalConfigTransportType (enum: MCP_SERVER_TRANSPORT_TYPE_UNSPECIFIED, MCP_SERVER_TRANSPORT_TYPE_STREAMABLE_HTTP, MCP_SERVER_TRANSPORT_TYPE_SSE)
  McpServerHostedConfig (awsSigv4: MCPServerAuthAWSSigV4, basicAuth: MCPServerAuthBasicAuth, bearerToken: MCPServerAuthBearerToken ...)
   McpServerAuthAwsSigV4 (accessKeyId: string, secretAccessKey: string, sessionToken: string)
   McpServerAuthGoogleServiceAccount (credentialsJson: string, scopes: array)
   McpServerHostedConfigRequireToolApproval (enum: OPTIONAL_BOOL_UNSPECIFIED, OPTIONAL_BOOL_TRUE, OPTIONAL_BOOL_FALSE)
   McpServerHostedConfigTokenSharing (enum: MCP_SERVER_TOKEN_SHARING_UNSPECIFIED, MCP_SERVER_TOKEN_SHARING_SHARED, MCP_SERVER_TOKEN_SHARING_PER_USER)
  McpServerServiceRegisterRequestServerType (enum: MCP_SERVER_TYPE_UNSPECIFIED, MCP_SERVER_TYPE_HOSTED, MCP_SERVER_TYPE_EXTERNAL)
C1ApiAiGovernanceV1McpServerServiceRegisterResponse (ContentType: string, StatusCode: int32, RawResponse: response ...)
 McpServerServiceRegisterResponse (mcpServer: MCPServerView)
C1ApiAiGovernanceV1McpServerServiceDeleteRequest (app_id: string, connector_id: string, MCPServerServiceDeleteRequest: MCPServerServiceDeleteRequest)
 McpServerServiceDeleteRequest (empty)
C1ApiAiGovernanceV1McpServerServiceDeleteResponse (ContentType: string, StatusCode: int32, RawResponse: response ...)
 McpServerServiceDeleteResponse (empty)
C1ApiAiGovernanceV1McpServerServiceGetRequest (app_id: string, connector_id: string)
C1ApiAiGovernanceV1McpServerServiceGetResponse (ContentType: string, StatusCode: int32, RawResponse: response ...)
 McpServerServiceGetResponse (mcpServer: MCPServerView)
C1ApiAiGovernanceV1McpServerServiceUpdateRequest (app_id: string, connector_id: string, MCPServerServiceUpdateRequest: MCPServerServiceUpdateRequest)
 McpServerServiceUpdateRequest (mcpServer: MCPServerView_input, updateMask: string)
  McpServerViewInput (appId: string, authMethod: enum, connectorId: string ...)
C1ApiAiGovernanceV1McpServerServiceUpdateResponse (ContentType: string, StatusCode: int32, RawResponse: response ...)
 McpServerServiceUpdateResponse (mcpServer: MCPServerView)
C1ApiAiGovernanceV1McpServerServiceUpdateCredentialsRequest (app_id: string, connector_id: string, MCPServerServiceUpdateCredentialsRequest: MCPServerServiceUpdateCredentialsRequest)
 McpServerServiceUpdateCredentialsRequest (externalConfig: MCPServerExternalConfig, hostedConfig: MCPServerHostedConfig, updateMask: string)
C1ApiAiGovernanceV1McpServerServiceUpdateCredentialsResponse (ContentType: string, StatusCode: int32, RawResponse: response ...)
 McpServerServiceUpdateCredentialsResponse (mcpServer: MCPServerView)
C1ApiAiGovernanceV1McpServerServiceResyncToolsRequest (app_id: string, connector_id: string, MCPServerServiceResyncToolsRequest: MCPServerServiceResyncToolsRequest)
 McpServerServiceResyncToolsRequest (empty)
C1ApiAiGovernanceV1McpServerServiceResyncToolsResponse (ContentType: string, StatusCode: int32, RawResponse: response ...)
 McpServerServiceResyncToolsResponse (empty)
C1ApiAiGovernanceV1McpServerServiceSearchWithToolCountRequest (app_id: string, MCPServerServiceSearchWithToolCountRequest: MCPServerServiceSearchWithToolCountRequest)
 McpServerServiceSearchWithToolCountRequest (includeLastCalledAt: boolean, pageSize: int32, pageToken: string ...)
  ToolState (enum: MCP_TOOL_STATE_UNSPECIFIED, MCP_TOOL_STATE_PENDING_REVIEW, MCP_TOOL_STATE_APPROVED ...)
C1ApiAiGovernanceV1McpServerServiceSearchWithToolCountResponse (ContentType: string, StatusCode: int32, RawResponse: response ...)
 McpServerServiceSearchWithToolCountResponse (list: array, nextPageToken: string)
   McpServerSearchWithToolCountResult (mcpServer: MCPServerView, toolCount: string)
C1ApiAiGovernanceV1McpServerServiceListCatalogRequest (page_size: int32, page_token: string, query: string)
C1ApiAiGovernanceV1McpServerServiceListCatalogResponse (ContentType: string, StatusCode: int32, RawResponse: response ...)
 McpServerServiceListCatalogResponse (list: array, nextPageToken: string)
   McpServerCatalogEntry (authModes: array, baseUrl: string, channel: enum ...)
     McpServerCatalogAuthMode (authMethod: enum, authStyle: string, authorizeUrl: string ...)
      McpServerCatalogAuthModeAuthMethod (enum: MCP_SERVER_AUTH_METHOD_UNSPECIFIED, MCP_SERVER_AUTH_METHOD_NONE, MCP_SERVER_AUTH_METHOD_BEARER_TOKEN ...)
      McpServerCatalogAuthModeClientIdMode (enum: MCP_SERVER_CATALOG_CLIENT_ID_MODE_UNSPECIFIED, MCP_SERVER_CATALOG_CLIENT_ID_MODE_MANUAL, MCP_SERVER_CATALOG_CLIENT_ID_MODE_DCR ...)
    Channel (enum: MCP_SERVER_CATALOG_CHANNEL_UNSPECIFIED, MCP_SERVER_CATALOG_CHANNEL_STABLE, MCP_SERVER_CATALOG_CHANNEL_BETA ...)
    McpServerCatalogConfigSchema (fields: array)
      McpServerCatalogConfigField (default: string, description: string, displayName: string ...)
    DefaultAuthMethod (enum: MCP_SERVER_AUTH_METHOD_UNSPECIFIED, MCP_SERVER_AUTH_METHOD_NONE, MCP_SERVER_AUTH_METHOD_BEARER_TOKEN ...)
    Maturity (enum: MCP_SERVER_CATALOG_MATURITY_UNSPECIFIED, MCP_SERVER_CATALOG_MATURITY_STUB, MCP_SERVER_CATALOG_MATURITY_GENERATED ...)
    Scope (enum: MCP_SERVER_CATALOG_SCOPE_UNSPECIFIED, MCP_SERVER_CATALOG_SCOPE_BUSINESS, MCP_SERVER_CATALOG_SCOPE_EXCLUDED ...)
     SupportedOauth2Modes (enum: MCP_SERVER_AUTH_OAUTH2_MODE_UNSPECIFIED, MCP_SERVER_AUTH_OAUTH2_MODE_SERVICE, MCP_SERVER_AUTH_OAUTH2_MODE_PASSTHROUGH ...)
C1ApiAiGovernanceV1McpServerServiceGetCatalogRequest (catalog_id: string)
C1ApiAiGovernanceV1McpServerServiceGetCatalogResponse (ContentType: string, StatusCode: int32, RawResponse: response ...)
 McpServerServiceGetCatalogResponse (catalogEntry: MCPServerCatalogEntry)
C1ApiAiGovernanceV1McpServerServiceListConnectionsRequest (page_size: int32, page_token: string)
C1ApiAiGovernanceV1McpServerServiceListConnectionsResponse (ContentType: string, StatusCode: int32, RawResponse: response ...)
 McpServerServiceListConnectionsResponse (list: array, nextPageToken: string)
   McpConnectionView (appId: string, authMethod: enum, authorizedAsEmail: string ...)
    McpConnectionViewAuthMethod (enum: MCP_SERVER_AUTH_METHOD_UNSPECIFIED, MCP_SERVER_AUTH_METHOD_NONE, MCP_SERVER_AUTH_METHOD_BEARER_TOKEN ...)
    McpConnectionViewServerType (enum: MCP_SERVER_TYPE_UNSPECIFIED, MCP_SERVER_TYPE_HOSTED, MCP_SERVER_TYPE_EXTERNAL)
McpServerServiceDiscoverOidcEndpointsRequest (issuerUrl: string)
C1ApiAiGovernanceV1McpServerServiceDiscoverOidcEndpointsResponse (ContentType: string, StatusCode: int32, RawResponse: response ...)
 McpServerServiceDiscoverOidcEndpointsResponse (authorizationEndpoint: string, codeChallengeMethodsSupported: array, scopesSupported: array ...)
McpServerServiceTestConnectionRequest (appId: string, connectorId: string, externalConfig: MCPServerExternalConfig ...)
C1ApiAiGovernanceV1McpServerServiceTestConnectionResponse (ContentType: string, StatusCode: int32, RawResponse: response ...)
 McpServerServiceTestConnectionResponse (failureReason: string, reachable: boolean, toolCount: string)
AppOwners (SDK empty)
C1ApiAppV1AppOwnersListOwnerIDsRequest (app_id: string)
C1ApiAppV1AppOwnersListOwnerIDsResponse (ContentType: string, StatusCode: int32, RawResponse: response ...)
 ListAppOwnerIDsResponse (userIds: array)
C1ApiAppV1AppOwnersDeleteRequest (app_id: string, DeleteAppOwnersRequest: DeleteAppOwnersRequest)
 DeleteAppOwnersRequest (userIds: array)
C1ApiAppV1AppOwnersDeleteResponse (ContentType: string, StatusCode: int32, RawResponse: response ...)
 DeleteAppOwnersResponse (empty)
C1ApiAppV1AppOwnersListRequest (app_id: string, page_size: int32, page_token: string)
C1ApiAppV1AppOwnersListResponse (ContentType: string, StatusCode: int32, RawResponse: response ...)
 ListAppOwnersResponse (list: array, nextPageToken: string)
C1ApiAppV1AppOwnersSetRequest (app_id: string, SetAppOwnersRequest: SetAppOwnersRequest)
 SetAppOwnersRequest (userIds: array)
C1ApiAppV1AppOwnersSetResponse (ContentType: string, StatusCode: int32, RawResponse: response ...)
 SetAppOwnersResponse (empty)
C1ApiAppV1AppOwnersRemoveRequest (app_id: string, user_id: string, RemoveAppOwnerRequest: RemoveAppOwnerRequest)
 RemoveAppOwnerRequest (empty)
C1ApiAppV1AppOwnersRemoveResponse (ContentType: string, StatusCode: int32, RawResponse: response ...)
 RemoveAppOwnerResponse (empty)
C1ApiAppV1AppOwnersAddRequest (app_id: string, user_id: string, AddAppOwnerRequest: AddAppOwnerRequest)
 AddAppOwnerRequest (empty)
C1ApiAppV1AppOwnersAddResponse (ContentType: string, StatusCode: int32, RawResponse: response ...)
 AddAppOwnerResponse (empty)
AppReport (SDK empty)
C1ApiAppV1AppReportServiceListRequest (app_id: string, page_size: int32, page_token: string)
C1ApiAppV1AppReportServiceListResponse (ContentType: string, StatusCode: int32, RawResponse: response ...)
 AppReportServiceListResponse (list: array, nextPageToken: string)
   AppPopulationReport (appId: string, createdAt: date-time, downloadUrl: string ...)
    AppPopulationReportState (enum: REPORT_STATE_UNSPECIFIED, REPORT_STATE_PENDING, REPORT_STATE_OK ...)
AppReportAction (SDK empty)
C1ApiAppV1AppReportActionServiceGenerateReportRequest (app_id: string, AppActionsServiceGenerateReportRequest: AppActionsServiceGenerateReportRequest)
 AppActionsServiceGenerateReportRequest (empty)
C1ApiAppV1AppReportActionServiceGenerateReportResponse (ContentType: string, StatusCode: int32, RawResponse: response ...)
 AppActionsServiceGenerateReportResponse (empty)
AppResourceType (SDK empty)
C1ApiAppV1AppResourceTypeServiceListRequest (app_id: string, page_size: int32, page_token: string)
C1ApiAppV1AppResourceTypeServiceListResponse (ContentType: string, StatusCode: int32, RawResponse: response ...)
 AppResourceTypeServiceListResponse (expanded: array, list: array, nextPageToken: string)
   AppResourceTypeServiceListResponseExpanded (empty)
   AppResourceTypeView (appResourceType: AppResourceType)
    AppResourceType (appId: string, createdAt: date-time, deletedAt: date-time ...)
C1ApiAppV1AppResourceTypeServiceCreateManuallyManagedResourceTypeRequest (app_id: string, CreateManuallyManagedResourceTypeRequest: CreateManuallyManagedResourceTypeRequest)
 CreateManuallyManagedResourceTypeRequest (displayName: string, resourceType: enum)
  ResourceType (enum: ROLE, GROUP, LICENSE ...)
C1ApiAppV1AppResourceTypeServiceCreateManuallyManagedResourceTypeResponse (ContentType: string, StatusCode: int32, RawResponse: response ...)
 CreateManuallyManagedResourceTypeResponse (appResourceType: AppResourceType, expanded: array)
   CreateManuallyManagedResourceTypeResponseExpanded (empty)
C1ApiAppV1AppResourceTypeServiceDeleteManuallyManagedResourceTypeRequest (app_id: string, id: string, DeleteManuallyManagedResourceTypeRequest: DeleteManuallyManagedResourceTypeRequest)
 DeleteManuallyManagedResourceTypeRequest (empty)
C1ApiAppV1AppResourceTypeServiceDeleteManuallyManagedResourceTypeResponse (ContentType: string, StatusCode: int32, RawResponse: response ...)
 DeleteManuallyManagedResourceTypeResponse (empty)
C1ApiAppV1AppResourceTypeServiceGetRequest (app_id: string, id: string)
C1ApiAppV1AppResourceTypeServiceGetResponse (ContentType: string, StatusCode: int32, RawResponse: response ...)
 AppResourceTypeServiceGetResponse (appResourceTypeView: AppResourceTypeView, expanded: array)
   AppResourceTypeServiceGetResponseExpanded (empty)
C1ApiAppV1AppResourceTypeServiceUpdateManuallyManagedResourceTypeRequest (app_id: string, id: string, UpdateManuallyManagedResourceTypeRequest: UpdateManuallyManagedResourceTypeRequest)
 UpdateManuallyManagedResourceTypeRequest (appResourceType: AppResourceType_input, updateMask: string)
  AppResourceTypeInput (displayName: string, traitIds: array)
C1ApiAppV1AppResourceTypeServiceUpdateManuallyManagedResourceTypeResponse (ContentType: string, StatusCode: int32, RawResponse: response ...)
 UpdateManuallyManagedResourceTypeResponse (appResourceType: AppResourceType, expanded: array)
   UpdateManuallyManagedResourceTypeResponseExpanded (empty)
AppResource (SDK empty)
C1ApiAppV1AppResourceServiceListRequest (app_id: string, app_resource_type_id: string, page_size: int32 ...)
C1ApiAppV1AppResourceServiceListResponse (ContentType: string, StatusCode: int32, RawResponse: response ...)
 AppResourceServiceListResponse (expanded: array, list: array, nextPageToken: string)
   AppResourceServiceListResponseExpanded (empty)
   AppResourceView (appResource: AppResource, objectPermissions: ActorObjectPermissions)
    AppResource (accessConfigId: string, agentTrait: AgentTrait, annotations: map ...)
     AgentTrait (identityAppUserId: string, status: enum)
      AgentTraitStatus (enum: AGENT_STATUS_UNSPECIFIED, AGENT_STATUS_READY, AGENT_STATUS_DISABLED ...)
     AppResourceNhiType (enum: NHI_TYPE_UNSPECIFIED, NHI_TYPE_APP_REGISTRATION, NHI_TYPE_ASSUMABLE_ROLE ...)
     AppResourceProfile (empty)
     SecretTrait (createdByAppUserId: string, credentialDetail: string, identityAppUserId: string ...)
C1ApiAppV1AppResourceServiceCreateManuallyManagedAppResourceRequest (app_id: string, app_resource_type_id: string, CreateManuallyManagedAppResourceRequest: CreateManuallyManagedAppResourceRequest)
 CreateManuallyManagedAppResourceRequest (annotations: map, description: string, displayName: string ...)
C1ApiAppV1AppResourceServiceCreateManuallyManagedAppResourceResponse (ContentType: string, StatusCode: int32, RawResponse: response ...)
 CreateManuallyManagedAppResourceResponse (appResource: AppResource)
C1ApiAppV1AppResourceServiceDeleteManuallyManagedAppResourceRequest (app_id: string, app_resource_type_id: string, id: string ...)
 DeleteManuallyManagedAppResourceRequest (empty)
C1ApiAppV1AppResourceServiceDeleteManuallyManagedAppResourceResponse (ContentType: string, StatusCode: int32, RawResponse: response ...)
 DeleteManuallyManagedAppResourceResponse (empty)
C1ApiAppV1AppResourceServiceGetRequest (app_id: string, app_resource_type_id: string, id: string)
C1ApiAppV1AppResourceServiceGetResponse (ContentType: string, StatusCode: int32, RawResponse: response ...)
 AppResourceServiceGetResponse (appResourceView: AppResourceView, expanded: array)
   AppResourceServiceGetResponseExpanded (empty)
C1ApiAppV1AppResourceServiceUpdateRequest (app_id: string, app_resource_type_id: string, id: string ...)
 AppResourceServiceUpdateRequest (appResource: AppResource_input, updateMask: string)
  AppResourceInput (accessConfigId: string, agentTrait: AgentTrait, annotations: map ...)
C1ApiAppV1AppResourceServiceUpdateResponse (ContentType: string, StatusCode: int32, RawResponse: response ...)
 AppResourceServiceUpdateResponse (appResourceView: AppResourceView, expanded: array)
   AppResourceServiceUpdateResponseExpanded (empty)
AppManagedState (SDK empty)
C1ApiAppV1AppManagedStateServiceListRequest (app_id: string, resource_type_id: string, page_size: int32 ...)
C1ApiAppV1AppManagedStateServiceListResponse (ContentType: string, StatusCode: int32, RawResponse: response ...)
 ListAppManagedStateBindingsResponse (expanded: array, list: array, nextPageToken: string)
   ListAppManagedStateBindingsResponseExpanded (empty)
   AppManagedStateBindingView (appManagementStateBinding: AppManagedStateBinding, appPath: string, resourcePath: string)
    AppManagedStateBinding (appId: string, createdAt: date-time, deletedAt: date-time ...)
     AppManagedState (managed: AppManagedStateManaged, unmanaged: AppManagedStateUnmanaged)
      AppManagedStateManaged (appId: string)
      AppManagedStateUnmanaged (empty)
C1ApiAppV1AppManagedStateServiceGetRequest (app_id: string, resource_type_id: string, resource_id: string)
C1ApiAppV1AppManagedStateServiceGetResponse (ContentType: string, StatusCode: int32, RawResponse: response ...)
 GetAppManagedStateBindingResponse (appManagementState: AppManagedStateBindingView, expanded: array)
   GetAppManagedStateBindingResponseExpanded (empty)
C1ApiAppV1AppManagedStateServicePromoteRequest (app_id: string, resource_type_id: string, resource_id: string ...)
 PromoteAppManagedStateBindingRequest (appEntitlementOwnerRefs: array, expandMask: AppManagedStateBindingExpandMask, userIds: array)
  AppManagedStateBindingExpandMask (paths: array)
C1ApiAppV1AppManagedStateServicePromoteResponse (ContentType: string, StatusCode: int32, RawResponse: response ...)
AppResourceOwners (SDK empty)
C1ApiAppV1AppResourceOwnersDeleteRequest (app_id: string, resource_type_id: string, resource_id: string ...)
 DeleteAppResourceOwnersRequest (empty)
C1ApiAppV1AppResourceOwnersDeleteResponse (ContentType: string, StatusCode: int32, RawResponse: response ...)
 DeleteAppResourceOwnersResponse (empty)
C1ApiAppV1AppResourceOwnersListOwnerIDsRequest (app_id: string, resource_type_id: string, resource_id: string)
C1ApiAppV1AppResourceOwnersListOwnerIDsResponse (ContentType: string, StatusCode: int32, RawResponse: response ...)
 ListAppResourceOwnerIDsResponse (userIds: array)
C1ApiAppV1AppResourceOwnersRemoveRequest (app_id: string, resource_type_id: string, resource_id: string ...)
 RemoveAppResourceOwnerRequest (userId: string)
C1ApiAppV1AppResourceOwnersRemoveResponse (ContentType: string, StatusCode: int32, RawResponse: response ...)
 RemoveAppResourceOwnerResponse (empty)
C1ApiAppV1AppResourceOwnersListRequest (app_id: string, resource_type_id: string, resource_id: string ...)
C1ApiAppV1AppResourceOwnersListResponse (ContentType: string, StatusCode: int32, RawResponse: response ...)
 ListAppResourceOwnersResponse (immutableUserIds: array, list: array, nextPageToken: string)
C1ApiAppV1AppResourceOwnersAddRequest (app_id: string, resource_type_id: string, resource_id: string ...)
 AddAppResourceOwnerRequest (userId: string)
C1ApiAppV1AppResourceOwnersAddResponse (ContentType: string, StatusCode: int32, RawResponse: response ...)
 AddAppResourceOwnerResponse (empty)
C1ApiAppV1AppResourceOwnersSetRequest (app_id: string, resource_type_id: string, resource_id: string ...)
 SetAppResourceOwnersRequest (userIds: array)
C1ApiAppV1AppResourceOwnersSetResponse (ContentType: string, StatusCode: int32, RawResponse: response ...)
 SetAppResourceOwnersResponse (empty)
SsoApplication (SDK empty)
C1ApiSsoV1SsoApplicationServiceListRequest (app_id: string, page_size: int32, page_token: string)
C1ApiSsoV1SsoApplicationServiceListResponse (ContentType: string, StatusCode: int32, RawResponse: response ...)
 SsoApplicationServiceListResponse (list: array, nextPageToken: string)
   SsoApplication (appEntitlementId: string, appId: string, assertionLifetime: string ...)
    SsoApplicationOidcConfig (claimMappings: array, idTokenSignedResponseAlg: enum)
      OidcClaimMapping (claimName: string, destination: enum, userAttributeMappingId: string)
       Destination (enum: OIDC_CLAIM_DESTINATION_UNSPECIFIED, OIDC_CLAIM_DESTINATION_ID_TOKEN_ONLY, OIDC_CLAIM_DESTINATION_USERINFO_ONLY)
     IdTokenSignedResponseAlg (enum: OIDC_SIGNING_ALGORITHM_UNSPECIFIED, OIDC_SIGNING_ALGORITHM_EDDSA, OIDC_SIGNING_ALGORITHM_ES256 ...)
    SsoApplicationSamlConfig (acsUrls: array, attributeMappings: array, encryptAssertions: boolean ...)
      SamlAttributeMapping (friendlyName: string, name: string, nameFormat: enum ...)
       NameFormat (enum: SAML_ATTRIBUTE_NAME_FORMAT_UNSPECIFIED, SAML_ATTRIBUTE_NAME_FORMAT_URI, SAML_ATTRIBUTE_NAME_FORMAT_BASIC ...)
     EncryptionAlgorithm (enum: SAML_ENCRYPTION_ALGORITHM_UNSPECIFIED, SAML_ENCRYPTION_ALGORITHM_AES256_GCM, SAML_ENCRYPTION_ALGORITHM_AES128_GCM ...)
     NameIdFormat (enum: SAML_NAME_ID_FORMAT_UNSPECIFIED, SAML_NAME_ID_FORMAT_PERSISTENT, SAML_NAME_ID_FORMAT_EMAIL_ADDRESS ...)
    SsoSubjectCompatibility (userAttributeMappingId: string)
    SubjectType (enum: SSO_SUBJECT_TYPE_UNSPECIFIED, SSO_SUBJECT_TYPE_PAIRWISE, SSO_SUBJECT_TYPE_PUBLIC ...)
C1ApiSsoV1SsoApplicationServiceCreateRequest (app_id: string, SSOApplicationServiceCreateRequest: SSOApplicationServiceCreateRequest)
 SsoApplicationServiceCreateRequest (assertionLifetime: string, description: string, displayName: string ...)
  SsoApplicationOidcClientConfig (authentication: SSOApplicationOIDCClientAuthentication, displayName: string, pkcePolicy: enum ...)
   SsoApplicationOidcClientAuthentication (clientSecretBasic: SSOApplicationOIDCClientAuthClientSecretBasic, clientSecretPost: SSOApplicationOIDCClientAuthClientSecretPost, none: SSOApplicationOIDCClientAuthNone ...)
    SsoApplicationOidcClientAuthClientSecretBasic (empty)
    SsoApplicationOidcClientAuthClientSecretPost (empty)
    SsoApplicationOidcClientAuthNone (empty)
    SsoApplicationOidcClientAuthPrivateKeyJwt (publicJwks: string)
   PkcePolicy (enum: SSO_APPLICATION_OIDC_PKCE_POLICY_UNSPECIFIED, SSO_APPLICATION_OIDC_PKCE_POLICY_REQUIRED_S256, SSO_APPLICATION_OIDC_PKCE_POLICY_ALLOW_MISSING_FOR_LEGACY)
  SsoApplicationServiceCreateRequestSubjectType (enum: SSO_SUBJECT_TYPE_UNSPECIFIED, SSO_SUBJECT_TYPE_PAIRWISE, SSO_SUBJECT_TYPE_PUBLIC ...)
C1ApiSsoV1SsoApplicationServiceCreateResponse (ContentType: string, StatusCode: int32, RawResponse: response ...)
 SsoApplicationServiceCreateResponse (application: SSOApplication, client: SSOApplicationOIDCClient, clientSecret: string)
  SsoApplicationOidcClient (appId: string, authentication: SSOApplicationOIDCClientAuthentication, clientId: string ...)
   SsoApplicationOidcClientPkcePolicy (enum: SSO_APPLICATION_OIDC_PKCE_POLICY_UNSPECIFIED, SSO_APPLICATION_OIDC_PKCE_POLICY_REQUIRED_S256, SSO_APPLICATION_OIDC_PKCE_POLICY_ALLOW_MISSING_FOR_LEGACY)
C1ApiSsoV1SsoApplicationServiceDeleteRequest (app_id: string, id: string, SSOApplicationServiceDeleteRequest: SSOApplicationServiceDeleteRequest)
 SsoApplicationServiceDeleteRequest (empty)
C1ApiSsoV1SsoApplicationServiceDeleteResponse (ContentType: string, StatusCode: int32, RawResponse: response ...)
 SsoApplicationServiceDeleteResponse (empty)
C1ApiSsoV1SsoApplicationServiceGetRequest (app_id: string, id: string)
C1ApiSsoV1SsoApplicationServiceGetResponse (ContentType: string, StatusCode: int32, RawResponse: response ...)
 SsoApplicationServiceGetResponse (application: SSOApplication)
C1ApiSsoV1SsoApplicationServiceUpdateRequest (app_id: string, id: string, SSOApplicationServiceUpdateRequest: SSOApplicationServiceUpdateRequest)
 SsoApplicationServiceUpdateRequest (application: SSOApplication, updateMask: string)
C1ApiSsoV1SsoApplicationServiceUpdateResponse (ContentType: string, StatusCode: int32, RawResponse: response ...)
 SsoApplicationServiceUpdateResponse (application: SSOApplication)
C1ApiSsoV1SsoApplicationServiceListClientsRequest (app_id: string, id: string, page_size: int32 ...)
C1ApiSsoV1SsoApplicationServiceListClientsResponse (ContentType: string, StatusCode: int32, RawResponse: response ...)
 SsoApplicationServiceListClientsResponse (list: array, nextPageToken: string)
C1ApiSsoV1SsoApplicationServiceCreateClientRequest (app_id: string, id: string, SSOApplicationServiceCreateClientRequest: SSOApplicationServiceCreateClientRequest)
 SsoApplicationServiceCreateClientRequest (client: SSOApplicationOIDCClientConfig)
C1ApiSsoV1SsoApplicationServiceCreateClientResponse (ContentType: string, StatusCode: int32, RawResponse: response ...)
 SsoApplicationServiceCreateClientResponse (client: SSOApplicationOIDCClient, clientSecret: string)
C1ApiSsoV1SsoApplicationServiceDeleteClientRequest (app_id: string, id: string, SSOApplicationServiceDeleteClientRequest: SSOApplicationServiceDeleteClientRequest)
 SsoApplicationServiceDeleteClientRequest (clientId: string)
C1ApiSsoV1SsoApplicationServiceDeleteClientResponse (ContentType: string, StatusCode: int32, RawResponse: response ...)
 SsoApplicationServiceDeleteClientResponse (empty)
C1ApiSsoV1SsoApplicationServiceRotateClientSecretRequest (app_id: string, id: string, SSOApplicationServiceRotateClientSecretRequest: SSOApplicationServiceRotateClientSecretRequest)
 SsoApplicationServiceRotateClientSecretRequest (clientId: string)
C1ApiSsoV1SsoApplicationServiceRotateClientSecretResponse (ContentType: string, StatusCode: int32, RawResponse: response ...)
 SsoApplicationServiceRotateClientSecretResponse (clientSecret: string)
C1ApiSsoV1SsoApplicationServiceUpdateClientRequest (app_id: string, id: string, SSOApplicationServiceUpdateClientRequest: SSOApplicationServiceUpdateClientRequest)
 SsoApplicationServiceUpdateClientRequest (client: SSOApplicationOIDCClientConfig, clientId: string)
C1ApiSsoV1SsoApplicationServiceUpdateClientResponse (ContentType: string, StatusCode: int32, RawResponse: response ...)
 SsoApplicationServiceUpdateClientResponse (client: SSOApplicationOIDCClient)
C1ApiSsoV1SsoApplicationServiceListHistoryRequest (app_id: string, id: string, page_size: int32 ...)
C1ApiSsoV1SsoApplicationServiceListHistoryResponse (ContentType: string, StatusCode: int32, RawResponse: response ...)
 SsoApplicationServiceListHistoryResponse (list: array, nextPageToken: string)
   SsoApplicationHistoryEntry (metadata: HistoryEntryMetadata, snapshot: SSOApplication)
C1ApiSsoV1SsoApplicationServiceBatchDeleteSubjectCompatibilityRequest (app_id: string, id: string, SSOApplicationServiceBatchDeleteSubjectCompatibilityRequest: SSOApplicationServiceBatchDeleteSubjectCompatibilityRequest)
 SsoApplicationServiceBatchDeleteSubjectCompatibilityRequest (userIds: array)
C1ApiSsoV1SsoApplicationServiceBatchDeleteSubjectCompatibilityResponse (ContentType: string, StatusCode: int32, RawResponse: response ...)
 SsoApplicationServiceBatchDeleteSubjectCompatibilityResponse (deletedRows: int32, issues: array)
   SsoSubjectCompatibilityDeleteIssue (reason: string, userId: string)
C1ApiSsoV1SsoApplicationServiceBatchImportSubjectCompatibilityRequest (app_id: string, id: string, SSOApplicationServiceBatchImportSubjectCompatibilityRequest: SSOApplicationServiceBatchImportSubjectCompatibilityRequest)
 SsoApplicationServiceBatchImportSubjectCompatibilityRequest (apply: boolean, entries: array, importId: string)
   SsoSubjectCompatibilityImportEntry (row: int32, subject: string, userId: string)
C1ApiSsoV1SsoApplicationServiceBatchImportSubjectCompatibilityResponse (ContentType: string, StatusCode: int32, RawResponse: response ...)
 SsoApplicationServiceBatchImportSubjectCompatibilityResponse (blockingUserIds: array, importedRows: int32, importedUserIds: array ...)
   SsoSubjectCompatibilityImportIssue (reason: string, row: int32, subject: string ...)
SsoApplicationServiceSearchRequest (appIds: array, pageSize: int32, pageToken: string ...)
C1ApiSsoV1SsoApplicationServiceSearchResponse (ContentType: string, StatusCode: int32, RawResponse: response ...)
 SsoApplicationServiceSearchResponse (list: array, nextPageToken: string)
SsoApplicationServiceParseSamlServiceProviderMetadataRequest (metadataXml: string)
C1ApiSsoV1SsoApplicationServiceParseSamlServiceProviderMetadataResponse (ContentType: string, StatusCode: int32, RawResponse: response ...)
 SsoApplicationServiceParseSamlServiceProviderMetadataResponse (config: SSOApplicationSAMLConfig, findings: array)
   SamlMetadataFinding (component: enum, level: enum, reason: string)
    Component (enum: COMPONENT_UNSPECIFIED, COMPONENT_DOCUMENT, COMPONENT_ENTITY_ID ...)
    SamlMetadataFindingLevel (enum: LEVEL_UNSPECIFIED, LEVEL_BLOCKING, LEVEL_WARNING)
AppUsageControls (SDK empty)
C1ApiAppV1AppUsageControlsServiceGetRequest (app_id: string)
C1ApiAppV1AppUsageControlsServiceGetResponse (ContentType: string, StatusCode: int32, RawResponse: response ...)
 GetAppUsageControlsResponse (appUsageControls: AppUsageControls, hasUsageData: boolean)
  AppUsageControls (appId: string, notify: boolean, notifyAfterDays: integer ...)
C1ApiAppV1AppUsageControlsServiceUpdateRequest (app_id: string, UpdateAppUsageControlsRequest: UpdateAppUsageControlsRequest)
 UpdateAppUsageControlsRequest (appUsageControls: AppUsageControls, updateMask: string)
C1ApiAppV1AppUsageControlsServiceUpdateResponse (ContentType: string, StatusCode: int32, RawResponse: response ...)
 UpdateAppUsageControlsResponse (appUsageControls: AppUsageControls)
XaaAccessProfile (SDK empty)
C1ApiCrossAppAccessV1XaaAccessProfileServiceListRequest (app_id: string, page_size: int32, page_token: string)
C1ApiCrossAppAccessV1XaaAccessProfileServiceListResponse (ContentType: string, StatusCode: int32, RawResponse: response ...)
 XaaAccessProfileServiceListResponse (accessProfiles: array, nextPageToken: string)
   XaaAccessProfile (appEntitlementId: string, appId: string, createdAt: date-time ...)
C1ApiCrossAppAccessV1XaaAccessProfileServiceCreateRequest (app_id: string, XAAAccessProfileServiceCreateRequest: XAAAccessProfileServiceCreateRequest)
 XaaAccessProfileServiceCreateRequest (description: string, displayName: string, xaaResourceServerId: string)
C1ApiCrossAppAccessV1XaaAccessProfileServiceCreateResponse (ContentType: string, StatusCode: int32, RawResponse: response ...)
 XaaAccessProfileServiceCreateResponse (accessProfile: XAAAccessProfile)
C1ApiCrossAppAccessV1XaaAccessProfileServiceDeleteRequest (app_id: string, id: string, XAAAccessProfileServiceDeleteRequest: XAAAccessProfileServiceDeleteRequest)
 XaaAccessProfileServiceDeleteRequest (empty)
C1ApiCrossAppAccessV1XaaAccessProfileServiceDeleteResponse (ContentType: string, StatusCode: int32, RawResponse: response ...)
 XaaAccessProfileServiceDeleteResponse (empty)
C1ApiCrossAppAccessV1XaaAccessProfileServiceGetRequest (app_id: string, id: string)
C1ApiCrossAppAccessV1XaaAccessProfileServiceGetResponse (ContentType: string, StatusCode: int32, RawResponse: response ...)
 XaaAccessProfileServiceGetResponse (accessProfile: XAAAccessProfile)
C1ApiCrossAppAccessV1XaaAccessProfileServiceUpdateRequest (app_id: string, id: string, XAAAccessProfileServiceUpdateRequest: XAAAccessProfileServiceUpdateRequest)
 XaaAccessProfileServiceUpdateRequest (accessProfile: XAAAccessProfile, updateMask: string)
C1ApiCrossAppAccessV1XaaAccessProfileServiceUpdateResponse (ContentType: string, StatusCode: int32, RawResponse: response ...)
 XaaAccessProfileServiceUpdateResponse (accessProfile: XAAAccessProfile)
C1ApiCrossAppAccessV1XaaAccessProfileServiceListHistoryRequest (app_id: string, id: string, page_size: int32 ...)
C1ApiCrossAppAccessV1XaaAccessProfileServiceListHistoryResponse (ContentType: string, StatusCode: int32, RawResponse: response ...)
 XaaAccessProfileServiceListHistoryResponse (list: array, nextPageToken: string)
   XaaAccessProfileHistoryEntry (metadata: HistoryEntryMetadata, snapshot: XAAAccessProfile)
C1ApiCrossAppAccessV1XaaAccessProfileServiceGetByAppEntitlementIdRequest (app_id: string, app_entitlement_id: string)
C1ApiCrossAppAccessV1XaaAccessProfileServiceGetByAppEntitlementIdResponse (ContentType: string, StatusCode: int32, RawResponse: response ...)
 XaaAccessProfileServiceGetByAppEntitlementIdResponse (accessProfile: XAAAccessProfile)
XaaAccessProfileServiceSearchRequest (appIds: array, pageSize: int32, pageToken: string ...)
  XaaAccessProfileRef (appId: string, id: string)
C1ApiCrossAppAccessV1XaaAccessProfileServiceSearchResponse (ContentType: string, StatusCode: int32, RawResponse: response ...)
 XaaAccessProfileServiceSearchResponse (list: array, nextPageToken: string)
XaaAccessProfileScopeBinding (SDK empty)
C1ApiCrossAppAccessV1XaaAccessProfileScopeBindingServiceListRequest (app_id: string, access_profile_id: string, page_size: int32 ...)
C1ApiCrossAppAccessV1XaaAccessProfileScopeBindingServiceListResponse (ContentType: string, StatusCode: int32, RawResponse: response ...)
 XaaAccessProfileScopeBindingServiceListResponse (bindings: array, nextPageToken: string)
   XaaAccessProfileScopeBinding (accessProfileId: string, appId: string, createdAt: date-time ...)
C1ApiCrossAppAccessV1XaaAccessProfileScopeBindingServiceCreateBindingsRequest (app_id: string, access_profile_id: string, XAAAccessProfileScopeBindingServiceCreateRequest: XAAAccessProfileScopeBindingServiceCreateRequest)
 XaaAccessProfileScopeBindingServiceCreateRequest (xaaScopeIds: array)
C1ApiCrossAppAccessV1XaaAccessProfileScopeBindingServiceCreateBindingsResponse (ContentType: string, StatusCode: int32, RawResponse: response ...)
 XaaAccessProfileScopeBindingServiceCreateResponse (bindings: array)
C1ApiCrossAppAccessV1XaaAccessProfileScopeBindingServiceDeleteBindingsRequest (app_id: string, access_profile_id: string, XAAAccessProfileScopeBindingServiceDeleteRequest: XAAAccessProfileScopeBindingServiceDeleteRequest)
 XaaAccessProfileScopeBindingServiceDeleteRequest (xaaScopeIds: array)
C1ApiCrossAppAccessV1XaaAccessProfileScopeBindingServiceDeleteBindingsResponse (ContentType: string, StatusCode: int32, RawResponse: response ...)
 XaaAccessProfileScopeBindingServiceDeleteResponse (empty)
XaaAccessProfileScopeBindingServiceSearchRequest (accessProfileIds: array, appId: string, pageSize: int32 ...)
  XaaAccessProfileScopeBindingRef (accessProfileId: string, appId: string, xaaScopeId: string)
C1ApiCrossAppAccessV1XaaAccessProfileScopeBindingServiceSearchResponse (ContentType: string, StatusCode: int32, RawResponse: response ...)
 XaaAccessProfileScopeBindingServiceSearchResponse (list: array, nextPageToken: string)
XaaResourceServer (SDK empty)
C1ApiCrossAppAccessV1XaaResourceServerServiceListRequest (app_id: string, page_size: int32, page_token: string)
C1ApiCrossAppAccessV1XaaResourceServerServiceListResponse (ContentType: string, StatusCode: int32, RawResponse: response ...)
 XaaResourceServerServiceListResponse (nextPageToken: string, resourceServers: array)
   XaaResourceServer (appId: string, createdAt: date-time, deletedAt: date-time ...)
    XaaModifyClaimsHook (commitId: string, disabled: boolean, functionId: string)
    SigningAlgorithm (enum: XAA_SIGNING_ALGORITHM_UNSPECIFIED, XAA_SIGNING_ALGORITHM_EDDSA, XAA_SIGNING_ALGORITHM_RS256 ...)
C1ApiCrossAppAccessV1XaaResourceServerServiceCreateRequest (app_id: string, XAAResourceServerServiceCreateRequest: XAAResourceServerServiceCreateRequest)
 XaaResourceServerServiceCreateRequest (description: string, disabled: boolean, displayName: string ...)
  XaaResourceServerServiceCreateRequestSigningAlgorithm (enum: XAA_SIGNING_ALGORITHM_UNSPECIFIED, XAA_SIGNING_ALGORITHM_EDDSA, XAA_SIGNING_ALGORITHM_RS256 ...)
C1ApiCrossAppAccessV1XaaResourceServerServiceCreateResponse (ContentType: string, StatusCode: int32, RawResponse: response ...)
 XaaResourceServerServiceCreateResponse (resourceServer: XAAResourceServer)
C1ApiCrossAppAccessV1XaaResourceServerServiceDeleteRequest (app_id: string, id: string, XAAResourceServerServiceDeleteRequest: XAAResourceServerServiceDeleteRequest)
 XaaResourceServerServiceDeleteRequest (empty)
C1ApiCrossAppAccessV1XaaResourceServerServiceDeleteResponse (ContentType: string, StatusCode: int32, RawResponse: response ...)
 XaaResourceServerServiceDeleteResponse (empty)
C1ApiCrossAppAccessV1XaaResourceServerServiceGetRequest (app_id: string, id: string)
C1ApiCrossAppAccessV1XaaResourceServerServiceGetResponse (ContentType: string, StatusCode: int32, RawResponse: response ...)
 XaaResourceServerServiceGetResponse (resourceServer: XAAResourceServer)
C1ApiCrossAppAccessV1XaaResourceServerServiceUpdateRequest (app_id: string, id: string, XAAResourceServerServiceUpdateRequest: XAAResourceServerServiceUpdateRequest)
 XaaResourceServerServiceUpdateRequest (resourceServer: XAAResourceServer, updateMask: string)
C1ApiCrossAppAccessV1XaaResourceServerServiceUpdateResponse (ContentType: string, StatusCode: int32, RawResponse: response ...)
 XaaResourceServerServiceUpdateResponse (resourceServer: XAAResourceServer)
C1ApiCrossAppAccessV1XaaResourceServerServiceListHistoryRequest (app_id: string, id: string, page_size: int32 ...)
C1ApiCrossAppAccessV1XaaResourceServerServiceListHistoryResponse (ContentType: string, StatusCode: int32, RawResponse: response ...)
 XaaResourceServerServiceListHistoryResponse (list: array, nextPageToken: string)
   XaaResourceServerHistoryEntry (metadata: HistoryEntryMetadata, snapshot: XAAResourceServer)
XaaResourceServerServiceSearchRequest (appIds: array, disabled: boolean, pageSize: int32 ...)
  XaaResourceServerRef (appId: string, id: string)
  SigningAlgorithmFilter (enum: XAA_SIGNING_ALGORITHM_UNSPECIFIED, XAA_SIGNING_ALGORITHM_EDDSA, XAA_SIGNING_ALGORITHM_RS256 ...)
C1ApiCrossAppAccessV1XaaResourceServerServiceSearchResponse (ContentType: string, StatusCode: int32, RawResponse: response ...)
 XaaResourceServerServiceSearchResponse (list: array, nextPageToken: string)
XaaScope (SDK empty)
C1ApiCrossAppAccessV1XaaScopeServiceListRequest (app_id: string, page_size: int32, page_token: string)
C1ApiCrossAppAccessV1XaaScopeServiceListResponse (ContentType: string, StatusCode: int32, RawResponse: response ...)
 XaaScopeServiceListResponse (nextPageToken: string, scopes: array)
   XaaScope (appEntitlementId: string, appId: string, classification: enum ...)
    XaaScopeClassification (enum: XAA_SCOPE_CLASSIFICATION_UNSPECIFIED, XAA_SCOPE_CLASSIFICATION_READ, XAA_SCOPE_CLASSIFICATION_WRITE ...)
    Source (enum: XAA_SCOPE_SOURCE_UNSPECIFIED, XAA_SCOPE_SOURCE_ADMIN_DECLARED, XAA_SCOPE_SOURCE_DISCOVERED)
    XaaScopeState (enum: XAA_SCOPE_STATE_UNSPECIFIED, XAA_SCOPE_STATE_PENDING_REVIEW, XAA_SCOPE_STATE_ENABLED ...)
C1ApiCrossAppAccessV1XaaScopeServiceCreateRequest (app_id: string, XAAScopeServiceCreateRequest: XAAScopeServiceCreateRequest)
 XaaScopeServiceCreateRequest (classification: enum, description: string, displayName: string ...)
  XaaScopeServiceCreateRequestClassification (enum: XAA_SCOPE_CLASSIFICATION_UNSPECIFIED, XAA_SCOPE_CLASSIFICATION_READ, XAA_SCOPE_CLASSIFICATION_WRITE ...)
  XaaScopeServiceCreateRequestState (enum: XAA_SCOPE_STATE_UNSPECIFIED, XAA_SCOPE_STATE_PENDING_REVIEW, XAA_SCOPE_STATE_ENABLED ...)
C1ApiCrossAppAccessV1XaaScopeServiceCreateResponse (ContentType: string, StatusCode: int32, RawResponse: response ...)
 XaaScopeServiceCreateResponse (scope: XAAScope)
C1ApiCrossAppAccessV1XaaScopeServiceDeleteRequest (app_id: string, id: string, XAAScopeServiceDeleteRequest: XAAScopeServiceDeleteRequest)
 XaaScopeServiceDeleteRequest (empty)
C1ApiCrossAppAccessV1XaaScopeServiceDeleteResponse (ContentType: string, StatusCode: int32, RawResponse: response ...)
 XaaScopeServiceDeleteResponse (empty)
C1ApiCrossAppAccessV1XaaScopeServiceGetRequest (app_id: string, id: string)
C1ApiCrossAppAccessV1XaaScopeServiceGetResponse (ContentType: string, StatusCode: int32, RawResponse: response ...)
 XaaScopeServiceGetResponse (scope: XAAScope)
C1ApiCrossAppAccessV1XaaScopeServiceUpdateRequest (app_id: string, id: string, XAAScopeServiceUpdateRequest: XAAScopeServiceUpdateRequest)
 XaaScopeServiceUpdateRequest (scope: XAAScope, updateMask: string)
C1ApiCrossAppAccessV1XaaScopeServiceUpdateResponse (ContentType: string, StatusCode: int32, RawResponse: response ...)
 XaaScopeServiceUpdateResponse (scope: XAAScope)
C1ApiCrossAppAccessV1XaaScopeServiceListHistoryRequest (app_id: string, id: string, page_size: int32 ...)
C1ApiCrossAppAccessV1XaaScopeServiceListHistoryResponse (ContentType: string, StatusCode: int32, RawResponse: response ...)
 XaaScopeServiceListHistoryResponse (list: array, nextPageToken: string)
   XaaScopeHistoryEntry (metadata: HistoryEntryMetadata, snapshot: XAAScope)
XaaScopeServiceSearchRequest (appIds: array, classificationFilter: array, pageSize: int32 ...)
  XaaScopeServiceSearchRequestClassificationFilter (enum: XAA_SCOPE_CLASSIFICATION_UNSPECIFIED, XAA_SCOPE_CLASSIFICATION_READ, XAA_SCOPE_CLASSIFICATION_WRITE ...)
  XaaScopeRef (appId: string, id: string)
  XaaScopeServiceSearchRequestSourceFilter (enum: XAA_SCOPE_SOURCE_UNSPECIFIED, XAA_SCOPE_SOURCE_ADMIN_DECLARED, XAA_SCOPE_SOURCE_DISCOVERED)
  XaaScopeServiceSearchRequestStateFilter (enum: XAA_SCOPE_STATE_UNSPECIFIED, XAA_SCOPE_STATE_PENDING_REVIEW, XAA_SCOPE_STATE_ENABLED ...)
C1ApiCrossAppAccessV1XaaScopeServiceSearchResponse (ContentType: string, StatusCode: int32, RawResponse: response ...)
 XaaScopeServiceSearchResponse (list: array, nextPageToken: string)
AppEntitlementsProxy (SDK empty)
C1ApiAppV1AppEntitlementsProxyDeleteRequest (src_app_id: string, src_app_entitlement_id: string, dst_app_id: string ...)
 DeleteAppEntitlementProxyRequest (empty)
C1ApiAppV1AppEntitlementsProxyDeleteResponse (ContentType: string, StatusCode: int32, RawResponse: response ...)
 DeleteAppEntitlementProxyResponse (empty)
C1ApiAppV1AppEntitlementsProxyGetRequest (src_app_id: string, src_app_entitlement_id: string, dst_app_id: string ...)
C1ApiAppV1AppEntitlementsProxyGetResponse (ContentType: string, StatusCode: int32, RawResponse: response ...)
 GetAppEntitlementProxyResponse (appProxyEntitlementView: AppEntitlementProxyView, expanded: array)
  AppEntitlementProxyView (appProxyEntitlement: AppEntitlementProxy)
   AppEntitlementProxy (createdAt: date-time, deletedAt: date-time, disabledAt: date-time ...)
   GetAppEntitlementProxyResponseExpanded (empty)
C1ApiAppV1AppEntitlementsProxyCreateRequest (src_app_id: string, src_app_entitlement_id: string, dst_app_id: string ...)
 CreateAppEntitlementProxyRequest (empty)
C1ApiAppV1AppEntitlementsProxyCreateResponse (ContentType: string, StatusCode: int32, RawResponse: response ...)
 CreateAppEntitlementProxyResponse (appProxyEntitlementView: AppEntitlementProxyView, expanded: array)
   CreateAppEntitlementProxyResponseExpanded (empty)
Attributes (SDK empty)
C1ApiAttributeV1AttributesDeleteAttributeValueRequest (id: string, DeleteAttributeValueRequest: DeleteAttributeValueRequest)
 DeleteAttributeValueRequest (empty)
C1ApiAttributeV1AttributesDeleteAttributeValueResponse (ContentType: string, StatusCode: int32, RawResponse: response ...)
 DeleteAttributeValueResponse (empty)
CreateAttributeValueRequest (attributeTypeId: string, value: string)
C1ApiAttributeV1AttributesCreateAttributeValueResponse (ContentType: string, StatusCode: int32, RawResponse: response ...)
 CreateAttributeValueResponse (value: AttributeValue)
  AttributeValue (attributeTypeId: string, createdAt: date-time, deletedAt: date-time ...)
C1ApiAttributeV1AttributesGetAttributeValueRequest (id: string)
C1ApiAttributeV1AttributesGetAttributeValueResponse (ContentType: string, StatusCode: int32, RawResponse: response ...)
 GetAttributeValueResponse (value: AttributeValue)
C1ApiAttributeV1AttributesListComplianceFrameworksRequest (page_size: int32, page_token: string)
C1ApiAttributeV1AttributesListComplianceFrameworksResponse (ContentType: string, StatusCode: int32, RawResponse: response ...)
 ListComplianceFrameworksResponse (list: array, nextPageToken: string)
CreateComplianceFrameworkAttributeValueRequest (value: string)
C1ApiAttributeV1AttributesCreateComplianceFrameworkAttributeValueResponse (ContentType: string, StatusCode: int32, RawResponse: response ...)
 CreateComplianceFrameworkAttributeValueResponse (value: AttributeValue)
C1ApiAttributeV1AttributesDeleteComplianceFrameworkAttributeValueRequest (id: string, DeleteComplianceFrameworkAttributeValueRequest: DeleteComplianceFrameworkAttributeValueRequest)
 DeleteComplianceFrameworkAttributeValueRequest (empty)
C1ApiAttributeV1AttributesDeleteComplianceFrameworkAttributeValueResponse (ContentType: string, StatusCode: int32, RawResponse: response ...)
 DeleteComplianceFrameworkAttributeValueResponse (empty)
C1ApiAttributeV1AttributesGetComplianceFrameworkAttributeValueRequest (id: string)
C1ApiAttributeV1AttributesGetComplianceFrameworkAttributeValueResponse (ContentType: string, StatusCode: int32, RawResponse: response ...)
 GetComplianceFrameworkAttributeValueResponse (value: AttributeValue)
C1ApiAttributeV1AttributesListRiskLevelsRequest (page_size: int32, page_token: string)
C1ApiAttributeV1AttributesListRiskLevelsResponse (ContentType: string, StatusCode: int32, RawResponse: response ...)
 ListRiskLevelsResponse (list: array, nextPageToken: string)
CreateRiskLevelAttributeValueRequest (value: string)
C1ApiAttributeV1AttributesCreateRiskLevelAttributeValueResponse (ContentType: string, StatusCode: int32, RawResponse: response ...)
 CreateRiskLevelAttributeValueResponse (value: AttributeValue)
C1ApiAttributeV1AttributesDeleteRiskLevelAttributeValueRequest (id: string, DeleteRiskLevelAttributeValueRequest: DeleteRiskLevelAttributeValueRequest)
 DeleteRiskLevelAttributeValueRequest (empty)
C1ApiAttributeV1AttributesDeleteRiskLevelAttributeValueResponse (ContentType: string, StatusCode: int32, RawResponse: response ...)
 DeleteRiskLevelAttributeValueResponse (empty)
C1ApiAttributeV1AttributesGetRiskLevelAttributeValueRequest (id: string)
C1ApiAttributeV1AttributesGetRiskLevelAttributeValueResponse (ContentType: string, StatusCode: int32, RawResponse: response ...)
 GetRiskLevelAttributeValueResponse (value: AttributeValue)
C1ApiAttributeV1AttributesListAttributeTypesRequest (page_size: int32, page_token: string)
C1ApiAttributeV1AttributesListAttributeTypesResponse (ContentType: string, StatusCode: int32, RawResponse: response ...)
 ListAttributeTypesResponse (list: array, nextPageToken: string)
   AttributeType (id: string, name: string)
C1ApiAttributeV1AttributesListAttributeValuesRequest (attribute_type_id: string, page_size: int32, page_token: string)
C1ApiAttributeV1AttributesListAttributeValuesResponse (ContentType: string, StatusCode: int32, RawResponse: response ...)
 ListAttributeValuesResponse (list: array, nextPageToken: string)
TenantAuthConfig (SDK empty)
C1ApiAuthConfigV1TenantAuthConfigServiceListRequest (page_size: int32, page_token: string)
C1ApiAuthConfigV1TenantAuthConfigServiceListResponse (ContentType: string, StatusCode: int32, RawResponse: response ...)
 TenantAuthConfigServiceListResponse (list: array, nextPageToken: string)
   TenantAuthConfig (bootstrapDomains: array, c1Local: AuthConfigC1Local, createdAt: date-time ...)
    AuthConfigC1Local (delegatedVerifiers: array)
      DelegatedVerifiers (enum: DELEGATED_VERIFIER_TYPE_UNSPECIFIED, DELEGATED_VERIFIER_TYPE_GOOGLE, DELEGATED_VERIFIER_TYPE_MICROSOFT ...)
    AuthConfigGoogle (additionalHostedDomains: array, hostedDomains: array)
    AuthConfigJumpCloud (oidcClientId: string, oidcClientSecret: string)
    AuthConfigMicrosoft (tenantIds: array)
    AuthConfigOidc (exactMatchClaims: map, issuerId: string, oidcClientId: string ...)
    AuthConfigOkta (domain: string, oidcClientId: string, oidcClientSecret: string)
    AuthConfigOneLogin (domain: string, oidcClientId: string, oidcClientSecret: string)
    AuthConfigPingOne (environmentId: string, oidcClientId: string, oidcClientSecret: string)
    ProviderType (enum: AUTH_CONFIG_PROVIDER_TYPE_UNSPECIFIED, AUTH_CONFIG_PROVIDER_TYPE_GOOGLE, AUTH_CONFIG_PROVIDER_TYPE_MICROSOFT ...)
    TenantAuthConfigStatus (enum: AUTH_CONFIG_STATUS_UNSPECIFIED, AUTH_CONFIG_STATUS_ACTIVE, AUTH_CONFIG_STATUS_DEPRECATED ...)
TenantAuthConfigServiceCreateRequest (bootstrapDomains: array, c1Local: AuthConfigC1Local, deprecationDeadline: date-time ...)
 AuthConfigGoogleInput (hostedDomains: array)
 TenantAuthConfigServiceCreateRequestStatus (enum: AUTH_CONFIG_STATUS_UNSPECIFIED, AUTH_CONFIG_STATUS_ACTIVE, AUTH_CONFIG_STATUS_DEPRECATED ...)
C1ApiAuthConfigV1TenantAuthConfigServiceCreateResponse (ContentType: string, StatusCode: int32, RawResponse: response ...)
 TenantAuthConfigServiceCreateResponse (authConfig: TenantAuthConfig)
C1ApiAuthConfigV1TenantAuthConfigServiceDeleteRequest (id: string, TenantAuthConfigServiceDeleteRequest: TenantAuthConfigServiceDeleteRequest)
 TenantAuthConfigServiceDeleteRequest (empty)
C1ApiAuthConfigV1TenantAuthConfigServiceDeleteResponse (ContentType: string, StatusCode: int32, RawResponse: response ...)
 TenantAuthConfigServiceDeleteResponse (empty)
C1ApiAuthConfigV1TenantAuthConfigServiceGetRequest (id: string)
C1ApiAuthConfigV1TenantAuthConfigServiceGetResponse (ContentType: string, StatusCode: int32, RawResponse: response ...)
 TenantAuthConfigServiceGetResponse (authConfig: TenantAuthConfig)
C1ApiAuthConfigV1TenantAuthConfigServiceUpdateRequest (id: string, TenantAuthConfigServiceUpdateRequest: TenantAuthConfigServiceUpdateRequest)
 TenantAuthConfigServiceUpdateRequest (authConfig: TenantAuthConfig_input, updateMask: string)
  TenantAuthConfigInput (bootstrapDomains: array, c1Local: AuthConfigC1Local, deprecationDeadline: date-time ...)
C1ApiAuthConfigV1TenantAuthConfigServiceUpdateResponse (ContentType: string, StatusCode: int32, RawResponse: response ...)
 TenantAuthConfigServiceUpdateResponse (authConfig: TenantAuthConfig)
Auth (SDK empty)
C1ApiAuthV1AuthIntrospectResponse (ContentType: string, StatusCode: int32, RawResponse: response ...)
 IntrospectResponse (deviceClientId: string, disabledModules: array, features: array ...)
   DisabledModules (enum: MODULE_ID_UNSPECIFIED, MODULE_ID_SECRET_SHARING)
AutomationExecution (SDK empty)
C1ApiAutomationsV1AutomationExecutionServiceListAutomationExecutionsResponse (ContentType: string, StatusCode: int32, RawResponse: response ...)
 ListAutomationExecutionsResponse (automationExecutions: array, nextPageToken: string)
   AutomationExecution (automationTemplateId: string, completedAt: date-time, context: AutomationContext ...)
    AutomationContext (context: class)
     Context (empty)
    AutomationExecutionState (enum: AUTOMATION_EXECUTION_STATE_UNSPECIFIED, AUTOMATION_EXECUTION_STATE_PENDING, AUTOMATION_EXECUTION_STATE_CREATING ...)
C1ApiAutomationsV1AutomationExecutionServiceGetAutomationExecutionRequest (id: string)
C1ApiAutomationsV1AutomationExecutionServiceGetAutomationExecutionResponse (ContentType: string, StatusCode: int32, RawResponse: response ...)
 GetAutomationExecutionResponse (automationExecution: AutomationExecution, expanded: array, view: AutomationExecutionView)
   GetAutomationExecutionResponseExpanded (empty)
  AutomationExecutionView (automationExecution: AutomationExecution, automationExecutionTriggerPath: string, automationPath: string)
AutomationExecutionActions (SDK empty)
C1ApiAutomationsV1AutomationExecutionActionsServiceTerminateAutomationRequest (id: string, TerminateAutomationRequest: TerminateAutomationRequest)
 TerminateAutomationRequest (empty)
C1ApiAutomationsV1AutomationExecutionActionsServiceTerminateAutomationResponse (ContentType: string, StatusCode: int32, RawResponse: response ...)
 TerminateAutomationResponse (empty)
Automation (SDK empty)
C1ApiAutomationsV1AutomationServiceListAutomationsResponse (ContentType: string, StatusCode: int32, RawResponse: response ...)
 ListAutomationsResponse (list: array, nextPageToken: string)
   Automation (annotations: map, appId: string, automationSteps: array ...)
     AutomationStep (accountLifecycleAction: AccountLifecycleAction, callFunction: CallFunction, connectorAction: ConnectorAction ...)
      AccountLifecycleAction (accountInContext: AccountInContext, accountRef: AccountRef, actionName: string ...)
       AccountInContext (empty)
       AccountRef (accountIdCel: string)
       ConnectorRef (appId: string, id: string)
      CallFunction (args: map, functionId: string)
      ConnectorAction (actionName: string, argsTemplate: class, connectorRef: ConnectorRef ...)
       ArgsTemplate (empty)
      ConnectorCreateAccount (connectorRef: ConnectorRef, passwordCel: string, userIdCel: string ...)
       UserProperties (displayNameCel: string, emailCel: string, profileAttributeCel: string ...)
      CreateAccessReview (accessReviewTemplateCel: string, accessReviewTemplateId: string, campaignName: string ...)
      CreateRevokeTasks (appEntitlementRefs: array, appEntitlementRefsCel: string, excludedAppEntitlementRefs: array ...)
      CreateRevokeTasksV2 (exclusionCriteria: EntitlementExclusionCriteria, exclusionList: EntitlementExclusionList, exclusionListCel: EntitlementExclusionListCel ...)
       EntitlementExclusionCriteria (excludedAppIds: array, excludedComplianceFrameworkIds: array, excludedResourceTypeIds: array ...)
       EntitlementExclusionList (excludedAppEntitlementRefs: array)
       EntitlementExclusionListCel (excludedAppEntitlementRefsCel: string)
       EntitlementExclusionNone (empty)
       GrantSourceFilter (enum: GRANT_SOURCE_FILTER_UNSPECIFIED, GRANT_SOURCE_FILTER_DIRECT)
       EntitlementInclusionAccessOnly (empty)
       EntitlementInclusionAll (empty)
       EntitlementInclusionCriteria (appIds: array, complianceFrameworkIds: array, resourceTypeIds: array ...)
       EntitlementInclusionList (appEntitlementRefs: array)
       EntitlementInclusionListCel (appEntitlementRefsCel: string)
      EvaluateExpressions (expressions: array)
        Expression (expressionCel: string, isSecret: boolean, key: string)
      GeneratePassword (passwordPolicyId: string, policy: GeneratePasswordPolicy)
       GeneratePasswordPolicy (customCharacters: string, excludedCharacters: string, maxCharacterCount: int32 ...)
      GrantEntitlements (exclusionCriteria: GrantEntitlementExclusionCriteria, exclusionList: GrantEntitlementExclusionList, exclusionListCel: GrantEntitlementExclusionListCel ...)
       GrantEntitlementExclusionCriteria (excludedAppIds: array, excludedComplianceFrameworkIds: array, excludedRiskLevelIds: array)
       GrantEntitlementExclusionList (excludedAppEntitlementRefs: array)
       GrantEntitlementExclusionListCel (excludedAppEntitlementRefsCel: string)
       GrantEntitlementExclusionNone (empty)
       GrantEntitlementInclusionCriteria (appIds: array, complianceFrameworkIds: array, riskLevelIds: array)
       GrantEntitlementInclusionList (appEntitlementRefs: array)
       GrantEntitlementInclusionListCel (appEntitlementRefsCel: string)
      RemoveFromDelegation (replacementUserIdCel: string, replacementUserRef: UserRef, useSubjectUser: boolean ...)
      RunAutomation (automationTemplateIdCel: string, automationTemplateRef: AutomationTemplateRef, context: AutomationContext)
       AutomationTemplateRef (id: string)
      SendEmail (body: string, email: string, emailCel: string ...)
      SendSlackMessage (body: string, channelIsId: boolean, channelName: string ...)
      SetCredential (accountIdCel: string, connectorRef: ConnectorRef, passwordCel: string)
      StoreCredential (appIdCel: string, authType: enum, credentialCel: string ...)
       AuthType (enum: STORE_CREDENTIAL_AUTH_TYPE_UNSPECIFIED, STORE_CREDENTIAL_AUTH_TYPE_SSO_INTERNAL, STORE_CREDENTIAL_AUTH_TYPE_VERIFY_EMAIL)
       VaultType (enum: STORE_CREDENTIAL_VAULT_TYPE_UNSPECIFIED, STORE_CREDENTIAL_VAULT_TYPE_PAPER_VAULT, STORE_CREDENTIAL_VAULT_TYPE_APP_VAULT)
      TaskAction (close: CloseAction, reassign: ReassignAction, taskTypes: array ...)
       CloseAction (useSubjectUser: boolean, userIdCel: string, userRef: UserRef)
       ReassignAction (assigneeUserIdCel: string, assigneeUserRef: UserRef, subjectUserIdCel: string ...)
        TaskTypes (enum: TASK_TYPE_UNSPECIFIED, TASK_TYPE_REQUEST, TASK_TYPE_REVOKE ...)
       TaskUserRelation (enum: TASK_USER_RELATION_UNSPECIFIED, TASK_USER_RELATION_ASSIGNEE, TASK_USER_RELATION_SUBJECT)
      UnenrollFromAllAccessProfiles (catalogIds: array, catalogIdsCel: string, useSubjectUser: boolean ...)
      UpdateUser (useSubjectUser: boolean, userIdCel: string, userRef: UserRef ...)
       UserStatusEnum (enum: UNKNOWN, ENABLED, DISABLED ...)
      WaitForDuration (duration: string)
      Webhook (payload: class, webhookId: string, webhookIdCel: string)
       Payload (empty)
    DisabledReasonCircuitBreaker (observedCount: integer, period: enum, threshold: integer ...)
     Period (enum: CIRCUIT_BREAKER_PERIOD_UNSPECIFIED, CIRCUIT_BREAKER_PERIOD_HOUR, CIRCUIT_BREAKER_PERIOD_DAY ...)
    CircuitBreakerPeriod (enum: CIRCUIT_BREAKER_PERIOD_UNSPECIFIED, CIRCUIT_BREAKER_PERIOD_HOUR, CIRCUIT_BREAKER_PERIOD_DAY ...)
     AutomationTrigger (accessConflict: AccessConflictTrigger, appUserCreated: AppUserCreatedTrigger, appUserUpdated: AppUserUpdatedTrigger ...)
      AccessConflictTrigger (allConflictMonitors: boolean, conflictMonitorRefs: ConflictMonitorRefs)
       ConflictMonitorRefs (conflictMonitorRefs: array)
         ConflictMonitorRef (id: string)
      AppUserCreatedTrigger (appId: string, appIdCel: string, condition: string)
      AppUserUpdatedTrigger (appId: string, appIdCel: string, condition: string)
      GrantDeletedTrigger (grantTriggerFilter: GrantTriggerFilter)
       GrantTriggerFilter (accountFilter: AccountFilter, grantFilter: GrantFilter, inclusionAll: EntitlementInclusionAll ...)
        AccountFilter (accountType: enum)
         AccountType (enum: APP_USER_TYPE_UNSPECIFIED, APP_USER_TYPE_USER, APP_USER_TYPE_SERVICE_ACCOUNT ...)
        GrantFilter (grantFilterType: enum, grantJustificationType: enum, grantSourceFilter: enum)
         GrantFilterType (enum: GRANT_FILTER_TYPE_UNSPECIFIED, GRANT_FILTER_TYPE_PERMANENT, GRANT_FILTER_TYPE_TEMPORARY)
         GrantJustificationType (enum: GRANT_JUSTIFICATION_TYPE_UNSPECIFIED, GRANT_JUSTIFICATION_TYPE_ALL, GRANT_JUSTIFICATION_TYPE_CONDUCTOR_ONE ...)
         GrantFilterGrantSourceFilter (enum: GRANT_SOURCE_FILTER_UNSPECIFIED, GRANT_SOURCE_FILTER_DIRECT, GRANT_SOURCE_FILTER_INHERITED)
      GrantFoundTrigger (grantTriggerFilter: GrantTriggerFilter)
      ScheduleTrigger (advanced: boolean, condition: string, cronSpec: string ...)
      ScheduleTriggerAppUser (appId: string, condition: string, cronSpec: string ...)
      ScheduleTriggerNoUser (advanced: boolean, cronSpec: string, start: date-time ...)
      UsageBasedRevocationTrigger (appId: string, enabledAt: date-time, excludedGroupRefs: array ...)
       RunDelayed (coldStartDelayDays: integer)
       RunImmediately (empty)
        TargetedAppUserTypes (enum: APP_USER_TYPE_UNSPECIFIED, APP_USER_TYPE_USER, APP_USER_TYPE_SERVICE_ACCOUNT ...)
      UserCreatedTrigger (condition: string)
      UserProfileChangeTrigger (condition: string)
      WebhookAutomationTrigger (capabilityUrl: WebhookListenerAuthCapabilityURL, hmac: WebhookListenerAuthHMAC, jwt: WebhookListenerAuthJWT ...)
       WebhookListenerAuthCapabilityUrl (empty)
       WebhookListenerAuthHmac (empty)
       WebhookListenerAuthJwt (jwksUrl: string)
    PrimaryTriggerType (enum: TRIGGER_TYPE_UNSPECIFIED, TRIGGER_TYPE_USER_PROFILE_CHANGE, TRIGGER_TYPE_APP_USER_CREATE ...)
AutomationsCreateAutomationRequest (annotations: map, appId: string, automationSteps: array ...)
 AutomationsCreateAutomationRequestCircuitBreakerPeriod (enum: CIRCUIT_BREAKER_PERIOD_UNSPECIFIED, CIRCUIT_BREAKER_PERIOD_HOUR, CIRCUIT_BREAKER_PERIOD_DAY ...)
C1ApiAutomationsV1AutomationServiceCreateAutomationResponse (ContentType: string, StatusCode: int32, RawResponse: response ...)
 AutomationsCreateAutomationResponse (automation: Automation, webhookCapabilityUrl: string)
C1ApiAutomationsV1AutomationServiceDeleteAutomationRequest (id: string, AutomationsDeleteAutomationRequest: AutomationsDeleteAutomationRequest)
 AutomationsDeleteAutomationRequest (empty)
C1ApiAutomationsV1AutomationServiceDeleteAutomationResponse (ContentType: string, StatusCode: int32, RawResponse: response ...)
 AutomationsDeleteAutomationResponse (empty)
C1ApiAutomationsV1AutomationServiceGetAutomationRequest (id: string)
C1ApiAutomationsV1AutomationServiceGetAutomationResponse (ContentType: string, StatusCode: int32, RawResponse: response ...)
 GetAutomationResponse (automation: Automation)
C1ApiAutomationsV1AutomationServiceUpdateAutomationRequest (id: string, UpdateAutomationRequest: UpdateAutomationRequest)
 UpdateAutomationRequest (automation: Automation_input, updateMask: string)
  AutomationInput (annotations: map, appId: string, automationSteps: array ...)
C1ApiAutomationsV1AutomationServiceUpdateAutomationResponse (ContentType: string, StatusCode: int32, RawResponse: response ...)
 UpdateAutomationResponse (automation: Automation, webhookCapabilityUrl: string, webhookHmacSecret: string)
C1ApiAutomationsV1AutomationServiceClearAutomationCircuitBreakerRequest (id: string, ClearAutomationCircuitBreakerRequest: ClearAutomationCircuitBreakerRequest)
 ClearAutomationCircuitBreakerRequest (decision: enum, reason: string)
  Decision (enum: PAUSED_EXECUTION_DECISION_UNSPECIFIED, PAUSED_EXECUTION_DECISION_RUN, PAUSED_EXECUTION_DECISION_CANCEL)
C1ApiAutomationsV1AutomationServiceClearAutomationCircuitBreakerResponse (ContentType: string, StatusCode: int32, RawResponse: response ...)
 ClearAutomationCircuitBreakerResponse (bulkActionId: string)
C1ApiAutomationsV1AutomationServiceResolvePausedAutomationExecutionsRequest (id: string, ResolvePausedAutomationExecutionsRequest: ResolvePausedAutomationExecutionsRequest)
 ResolvePausedAutomationExecutionsRequest (decision: enum, reason: string)
  ResolvePausedAutomationExecutionsRequestDecision (enum: PAUSED_EXECUTION_DECISION_UNSPECIFIED, PAUSED_EXECUTION_DECISION_RUN, PAUSED_EXECUTION_DECISION_CANCEL)
C1ApiAutomationsV1AutomationServiceResolvePausedAutomationExecutionsResponse (ContentType: string, StatusCode: int32, RawResponse: response ...)
 ResolvePausedAutomationExecutionsResponse (bulkActionId: string, erroredCount: integer, pausedCount: integer)
C1ApiAutomationsV1AutomationServiceExecuteAutomationRequest (id: string, ExecuteAutomationRequest: ExecuteAutomationRequest)
 ExecuteAutomationRequest (context: AutomationContext)
C1ApiAutomationsV1AutomationServiceExecuteAutomationResponse (ContentType: string, StatusCode: int32, RawResponse: response ...)
 ExecuteAutomationResponse (executionId: string)
RequestCatalogManagement (SDK empty)
C1ApiRequestcatalogV1RequestCatalogManagementServiceListRequest (page_size: int32, page_token: string)
C1ApiRequestcatalogV1RequestCatalogManagementServiceListResponse (ContentType: string, StatusCode: int32, RawResponse: response ...)
 RequestCatalogManagementServiceListResponse (expanded: array, list: array, nextPageToken: string)
   RequestCatalogManagementServiceListResponseExpanded (empty)
   RequestCatalogView (requestCatalog: RequestCatalog)
    RequestCatalog (annotations: map, createdAt: date-time, createdByUserId: string ...)
     EnrollmentBehavior (enum: REQUEST_CATALOG_ENROLLMENT_BEHAVIOR_UNSPECIFIED, REQUEST_CATALOG_ENROLLMENT_BEHAVIOR_BYPASS_ENTITLEMENT_REQUEST_POLICY, REQUEST_CATALOG_ENROLLMENT_BEHAVIOR_ENFORCE_ENTITLEMENT_REQUEST_POLICY)
     UnenrollmentBehavior (enum: REQUEST_CATALOG_UNENROLLMENT_BEHAVIOR_UNSPECIFIED, REQUEST_CATALOG_UNENROLLMENT_BEHAVIOR_LEAVE_ACCESS_AS_IS, REQUEST_CATALOG_UNENROLLMENT_BEHAVIOR_REVOKE_ALL ...)
     UnenrollmentEntitlementBehavior (enum: REQUEST_CATALOG_UNENROLLMENT_ENTITLEMENT_BEHAVIOR_UNSPECIFIED, REQUEST_CATALOG_UNENROLLMENT_ENTITLEMENT_BEHAVIOR_BYPASS, REQUEST_CATALOG_UNENROLLMENT_ENTITLEMENT_BEHAVIOR_ENFORCE)
RequestCatalogManagementServiceCreateRequest (annotations: map, description: string, displayName: string ...)
 RequestCatalogManagementServiceCreateRequestEnrollmentBehavior (enum: REQUEST_CATALOG_ENROLLMENT_BEHAVIOR_UNSPECIFIED, REQUEST_CATALOG_ENROLLMENT_BEHAVIOR_BYPASS_ENTITLEMENT_REQUEST_POLICY, REQUEST_CATALOG_ENROLLMENT_BEHAVIOR_ENFORCE_ENTITLEMENT_REQUEST_POLICY)
 RequestCatalogManagementServiceCreateRequestUnenrollmentBehavior (enum: REQUEST_CATALOG_UNENROLLMENT_BEHAVIOR_UNSPECIFIED, REQUEST_CATALOG_UNENROLLMENT_BEHAVIOR_LEAVE_ACCESS_AS_IS, REQUEST_CATALOG_UNENROLLMENT_BEHAVIOR_REVOKE_ALL ...)
 RequestCatalogManagementServiceCreateRequestUnenrollmentEntitlementBehavior (enum: REQUEST_CATALOG_UNENROLLMENT_ENTITLEMENT_BEHAVIOR_UNSPECIFIED, REQUEST_CATALOG_UNENROLLMENT_ENTITLEMENT_BEHAVIOR_BYPASS, REQUEST_CATALOG_UNENROLLMENT_ENTITLEMENT_BEHAVIOR_ENFORCE)
C1ApiRequestcatalogV1RequestCatalogManagementServiceCreateResponse (ContentType: string, StatusCode: int32, RawResponse: response ...)
 RequestCatalogManagementServiceGetResponse (expanded: array, requestCatalogView: RequestCatalogView)
   RequestCatalogManagementServiceGetResponseExpanded (empty)
C1ApiRequestcatalogV1RequestCatalogManagementServiceListAllEntitlementIdsPerAppRequest (catalog_id: string)
C1ApiRequestcatalogV1RequestCatalogManagementServiceListAllEntitlementIdsPerAppResponse (ContentType: string, StatusCode: int32, RawResponse: response ...)
 RequestCatalogManagementServiceListAllEntitlementIdsPerCatalogResponse (app_entitlements: array)
C1ApiRequestcatalogV1RequestCatalogManagementServiceListEntitlementsPerCatalogRequest (catalog_id: string, page_size: int32, page_token: string)
C1ApiRequestcatalogV1RequestCatalogManagementServiceListEntitlementsPerCatalogResponse (ContentType: string, StatusCode: int32, RawResponse: response ...)
 RequestCatalogManagementServiceListEntitlementsPerCatalogResponse (expanded: array, list: array, nextPageToken: string)
   RequestCatalogManagementServiceListEntitlementsPerCatalogResponseExpanded (empty)
C1ApiRequestcatalogV1RequestCatalogManagementServiceUpdateAppEntitlementsRequest (catalog_id: string, RequestCatalogManagementServiceUpdateAppEntitlementsRequest: RequestCatalogManagementServiceUpdateAppEntitlementsRequest)
 RequestCatalogManagementServiceUpdateAppEntitlementsRequest (appEntitlements: array)
C1ApiRequestcatalogV1RequestCatalogManagementServiceUpdateAppEntitlementsResponse (ContentType: string, StatusCode: int32, RawResponse: response ...)
 RequestCatalogManagementServiceUpdateAppEntitlementsResponse (empty)
C1ApiRequestcatalogV1RequestCatalogManagementServiceRemoveAppEntitlementsRequest (catalog_id: string, RequestCatalogManagementServiceRemoveAppEntitlementsRequest: RequestCatalogManagementServiceRemoveAppEntitlementsRequest)
 RequestCatalogManagementServiceRemoveAppEntitlementsRequest (appEntitlements: array)
C1ApiRequestcatalogV1RequestCatalogManagementServiceRemoveAppEntitlementsResponse (ContentType: string, StatusCode: int32, RawResponse: response ...)
 RequestCatalogManagementServiceRemoveAppEntitlementsResponse (empty)
C1ApiRequestcatalogV1RequestCatalogManagementServiceAddAppEntitlementsRequest (catalog_id: string, RequestCatalogManagementServiceAddAppEntitlementsRequest: RequestCatalogManagementServiceAddAppEntitlementsRequest)
 RequestCatalogManagementServiceAddAppEntitlementsRequest (appEntitlements: array, createRequests: boolean)
C1ApiRequestcatalogV1RequestCatalogManagementServiceAddAppEntitlementsResponse (ContentType: string, StatusCode: int32, RawResponse: response ...)
 RequestCatalogManagementServiceAddAppEntitlementsResponse (empty)
C1ApiRequestcatalogV1RequestCatalogManagementServiceDeleteRequestableEntryRequest (catalog_id: string, app_id: string, entitlement_id: string ...)
 RequestCatalogManagementServiceDeleteRequestableEntryRequest (empty)
C1ApiRequestcatalogV1RequestCatalogManagementServiceDeleteRequestableEntryResponse (ContentType: string, StatusCode: int32, RawResponse: response ...)
 RequestCatalogManagementServiceDeleteRequestableEntryResponse (empty)
C1ApiRequestcatalogV1RequestCatalogManagementServiceGetRequestableEntryRequest (catalog_id: string, app_id: string, entitlement_id: string)
C1ApiRequestcatalogV1RequestCatalogManagementServiceGetRequestableEntryResponse (ContentType: string, StatusCode: int32, RawResponse: response ...)
 RequestCatalogManagementServiceGetRequestableEntryResponse (requestableEntry: RequestableEntry)
  RequestableEntry (appId: string, catalogId: string, entitlementId: string)
C1ApiRequestcatalogV1RequestCatalogManagementServiceCreateRequestableEntryRequest (catalog_id: string, app_id: string, entitlement_id: string ...)
 RequestCatalogManagementServiceCreateRequestableEntryRequest (createRequests: boolean)
C1ApiRequestcatalogV1RequestCatalogManagementServiceCreateRequestableEntryResponse (ContentType: string, StatusCode: int32, RawResponse: response ...)
 RequestCatalogManagementServiceCreateRequestableEntryResponse (requestableEntry: RequestableEntry)
C1ApiRequestcatalogV1RequestCatalogManagementServiceRemoveAccessEntitlementsRequest (catalog_id: string, RequestCatalogManagementServiceRemoveAccessEntitlementsRequest: RequestCatalogManagementServiceRemoveAccessEntitlementsRequest)
 RequestCatalogManagementServiceRemoveAccessEntitlementsRequest (accessEntitlements: array)
C1ApiRequestcatalogV1RequestCatalogManagementServiceRemoveAccessEntitlementsResponse (ContentType: string, StatusCode: int32, RawResponse: response ...)
 RequestCatalogManagementServiceRemoveAccessEntitlementsResponse (empty)
C1ApiRequestcatalogV1RequestCatalogManagementServiceAddAccessEntitlementsRequest (catalog_id: string, RequestCatalogManagementServiceAddAccessEntitlementsRequest: RequestCatalogManagementServiceAddAccessEntitlementsRequest)
 RequestCatalogManagementServiceAddAccessEntitlementsRequest (accessEntitlements: array)
C1ApiRequestcatalogV1RequestCatalogManagementServiceAddAccessEntitlementsResponse (ContentType: string, StatusCode: int32, RawResponse: response ...)
 RequestCatalogManagementServiceAddAccessEntitlementsResponse (empty)
C1ApiRequestcatalogV1RequestCatalogManagementServiceListEntitlementsForAccessRequest (catalog_id: string, page_size: int32, page_token: string)
C1ApiRequestcatalogV1RequestCatalogManagementServiceListEntitlementsForAccessResponse (ContentType: string, StatusCode: int32, RawResponse: response ...)
 RequestCatalogManagementServiceListEntitlementsForAccessResponse (expanded: array, list: array, nextPageToken: string)
   RequestCatalogManagementServiceListEntitlementsForAccessResponseExpanded (empty)
C1ApiRequestcatalogV1RequestCatalogManagementServiceDeleteRequest (id: string, RequestCatalogManagementServiceDeleteRequest: RequestCatalogManagementServiceDeleteRequest)
 RequestCatalogManagementServiceDeleteRequest (empty)
C1ApiRequestcatalogV1RequestCatalogManagementServiceDeleteResponse (ContentType: string, StatusCode: int32, RawResponse: response ...)
 RequestCatalogManagementServiceDeleteResponse (empty)
C1ApiRequestcatalogV1RequestCatalogManagementServiceGetRequest (id: string)
C1ApiRequestcatalogV1RequestCatalogManagementServiceGetResponse (ContentType: string, StatusCode: int32, RawResponse: response ...)
C1ApiRequestcatalogV1RequestCatalogManagementServiceUpdateRequest (id: string, RequestCatalogManagementServiceUpdateRequest: RequestCatalogManagementServiceUpdateRequest)
 RequestCatalogManagementServiceUpdateRequest (catalog: RequestCatalog_input, updateMask: string)
  RequestCatalogInput (annotations: map, createdByUserId: string, description: string ...)
C1ApiRequestcatalogV1RequestCatalogManagementServiceUpdateResponse (ContentType: string, StatusCode: int32, RawResponse: response ...)
C1ApiRequestcatalogV1RequestCatalogManagementServiceDeleteBundleAutomationRequest (request_catalog_id: string, DeleteBundleAutomationRequest: DeleteBundleAutomationRequest)
 DeleteBundleAutomationRequest (empty)
C1ApiRequestcatalogV1RequestCatalogManagementServiceDeleteBundleAutomationResponse (ContentType: string, StatusCode: int32, RawResponse: response ...)
 DeleteBundleAutomationResponse (empty)
C1ApiRequestcatalogV1RequestCatalogManagementServiceGetBundleAutomationRequest (request_catalog_id: string)
C1ApiRequestcatalogV1RequestCatalogManagementServiceGetBundleAutomationResponse (ContentType: string, StatusCode: int32, RawResponse: response ...)
 BundleAutomation (cel: BundleAutomationRuleCEL, circuitBreaker: BundleAutomationCircuitBreaker, createTasks: boolean ...)
  BundleAutomationRuleCel (expression: string)
  BundleAutomationCircuitBreaker (removedMembersThresholdPercentage: string, state: enum, updatedAt: date-time ...)
   BundleAutomationCircuitBreakerState (enum: CIRCUIT_BREAKER_STATE_UNSPECIFIED, CIRCUIT_BREAKER_STATE_TRIGGERED, CIRCUIT_BREAKER_STATE_BYPASS ...)
  BundleAutomationRuleEntitlement (entitlementRefs: array)
  BundleAutomationLastRunState (celEvaluation: BundleAutomationCelEvaluationState, errorMessage: string, lastRunAt: date-time ...)
   BundleAutomationCelEvaluationState (errorMessage: string, lastEvaluatedAt: date-time, matchedUsers: string ...)
    BundleAutomationCelEvaluationStateStatus (enum: BUNDLE_AUTOMATION_RUN_STATUS_UNSPECIFIED, BUNDLE_AUTOMATION_RUN_STATUS_SUCCESS, BUNDLE_AUTOMATION_RUN_STATUS_FAILURE ...)
   BundleAutomationLastRunStateStatus (enum: BUNDLE_AUTOMATION_RUN_STATUS_UNSPECIFIED, BUNDLE_AUTOMATION_RUN_STATUS_SUCCESS, BUNDLE_AUTOMATION_RUN_STATUS_FAILURE ...)
C1ApiRequestcatalogV1RequestCatalogManagementServiceSetBundleAutomationRequest (request_catalog_id: string, SetBundleAutomationRequest: SetBundleAutomationRequest)
 SetBundleAutomationRequest (cel: BundleAutomationRuleCEL, createTasks: boolean, disableCircuitBreaker: boolean ...)
C1ApiRequestcatalogV1RequestCatalogManagementServiceSetBundleAutomationResponse (ContentType: string, StatusCode: int32, RawResponse: response ...)
C1ApiRequestcatalogV1RequestCatalogManagementServiceCreateBundleAutomationRequest (request_catalog_id: string, CreateBundleAutomationRequest: CreateBundleAutomationRequest)
 CreateBundleAutomationRequest (cel: BundleAutomationRuleCEL, createTasks: boolean, disableCircuitBreaker: boolean ...)
C1ApiRequestcatalogV1RequestCatalogManagementServiceCreateBundleAutomationResponse (ContentType: string, StatusCode: int32, RawResponse: response ...)
C1ApiRequestcatalogV1RequestCatalogManagementServiceResumePausedBundleAutomationRequest (request_catalog_id: string, ResumePausedBundleAutomationRequest: ResumePausedBundleAutomationRequest)
 ResumePausedBundleAutomationRequest (empty)
C1ApiRequestcatalogV1RequestCatalogManagementServiceResumePausedBundleAutomationResponse (ContentType: string, StatusCode: int32, RawResponse: response ...)
 ResumePausedBundleAutomationResponse (empty)
C1ApiRequestcatalogV1RequestCatalogManagementServiceForceRunBundleAutomationRequest (request_catalog_id: string, ForceRunBundleAutomationRequest: ForceRunBundleAutomationRequest)
 ForceRunBundleAutomationRequest (refs: array)
C1ApiRequestcatalogV1RequestCatalogManagementServiceForceRunBundleAutomationResponse (ContentType: string, StatusCode: int32, RawResponse: response ...)
 ForceRunBundleAutomationResponse (empty)
ConnectorAuthoringActivation (SDK empty)
ConnectorAuthoringServiceActivateRevisionRequest (approvalTokenId: string, catalogId: string, idempotencyKey: string ...)
C1ApiConnectorAuthoringV1ConnectorAuthoringActivationServiceActivateRevisionResponse (ContentType: string, StatusCode: int32, RawResponse: response ...)
 ConnectorAuthoringServiceActivateRevisionResponse (activationEpoch: string, revisionId: string)
ConnectorAuthoringServiceRollbackRevisionRequest (approvalTokenId: string, catalogId: string, instanceAppId: string ...)
C1ApiConnectorAuthoringV1ConnectorAuthoringActivationServiceRollbackRevisionResponse (ContentType: string, StatusCode: int32, RawResponse: response ...)
 ConnectorAuthoringServiceRollbackRevisionResponse (activationEpoch: string, revisionId: string)
ConnectorCatalog (SDK empty)
ConnectorCatalogServiceConfigurationSchemaRequest (appId: string, catalogId: string, connectorId: string)
C1ApiIntegrationConnectorV1ConnectorCatalogServiceConfigurationSchemaResponse (ContentType: string, StatusCode: int32, RawResponse: response ...)
 ConnectorCatalogServiceConfigurationSchemaResponse (formSchema: RequestSchemaForm, schema: ConfigSchema)
  RequestSchemaForm (description: string, name: string, fieldGroups: array ...)
    FormFieldGroup (default: boolean, displayName: string, fields: array ...)
    FieldRelationship (atLeastOne: AtLeastOne, dependentOn: DependentOn, fieldNames: array ...)
     AtLeastOne (empty)
     DependentOn (dependencyFieldNames: array)
     MutuallyExclusive (empty)
     RequiredTogether (empty)
    FormField (adminConfig: AdminProviderConfig, boolField: BoolField, description: string ...)
     AdminProviderConfig (defaultValueCel: string, showToUser: boolean)
     BoolField (checkboxField: CheckboxField, defaultValue: boolean, rules: BoolRules ...)
      CheckboxField (empty)
      BoolRules (const: boolean)
      ToggleField (empty)
     FileField (acceptedFileTypes: array, fileInputField: FileInputField, maxFileSize: string)
      FileInputField (empty)
     Int64Field (defaultValue: string, numberField: NumberField, placeholder: string ...)
      NumberField (maxValue: string, minValue: string, step: string)
      Int64Rules (const: string, gt: string, gte: string ...)
     Oauth2Field (oauth2FieldView: Oauth2FieldView)
      Oauth2FieldView (empty)
     SharedProviderConfig (defaultValueCel: string, inputTransformationCel: string, lockDefaultValues: boolean)
     FormStringField (dateField: DateField, defaultValue: string, passwordField: PasswordField ...)
      DateField (defaultToToday: boolean, maxDate: string, maxDaysFromToday: int32 ...)
      PasswordField (empty)
      PickerField (appUserPicker: AppUserFilter, c1UserPicker: C1UserFilter, resourcePicker: AppResourceFilter)
       AppUserFilter (appId: string)
       C1UserFilter (excludeUserIds: array, includeDeactivated: boolean, userIds: array)
       AppResourceFilter (appId: string, resourceTypeId: string)
      StringRules (address: boolean, const: string, contains: string ...)
       WellKnownRegex (enum: UNKNOWN, HTTP_HEADER_NAME, HTTP_HEADER_VALUE)
      SelectField (options: array, type: enum)
        SelectOption (description: string, displayName: string, value: string)
       SelectFieldType (enum: SELECT_TYPE_UNSPECIFIED, SELECT_TYPE_DROPDOWN, SELECT_TYPE_RADIO ...)
      TextField (multiline: boolean, suffix: string)
     FormStringMapField (defaultValue: map, rules: StringMapRules)
      StringMapRules (isRequired: boolean, validateEmpty: boolean)
     UserProviderConfig (inputTransformationCel: string)
  ConfigSchema (displayName: string, fieldGroups: array, fields: array ...)
    FieldGroup (default: boolean, displayName: string, fieldNames: array ...)
    Field (additionalPlaceholder: string, checkbox: ConnectorCheckboxField, dependsOnFields: array ...)
     ConnectorCheckboxField (checked: boolean)
     ImportField (allowedExtensions: array, secret: boolean, valueValidator: StringRules)
     KeyValueField (secret: boolean, supportsFileUpload: boolean)
     OAuth2Field1 (empty)
     OptionsField (empty)
     RandomStringField (length: int32)
     ReadOnlyField (empty)
     RotatableSecretField (empty)
     ConnectorSelectField (items: array)
       Item (displayName: string, value: string)
     StringField (secret: boolean, valueValidator: StringRules)
     StringListField (valueValidator: StringRules)
     StringMapField (optional: boolean)
     ConnectorTextField (secret: boolean, valueValidator: StringRules)
UiConversations (SDK empty)
EnsureOnboardingSessionRequest (empty)
C1ApiConversationsV1UiConversationsServiceEnsureOnboardingSessionResponse (ContentType: string, StatusCode: int32, RawResponse: response ...)
 EnsureOnboardingSessionResponse (conversationId: string, created: boolean)
CredentialInventoryPolicy (SDK empty)
C1ApiCredentialInventoryV1CredentialInventoryPolicyServiceListRequest (page_size: int32, page_token: string)
C1ApiCredentialInventoryV1CredentialInventoryPolicyServiceListResponse (ContentType: string, StatusCode: int32, RawResponse: response ...)
 CredentialInventoryPolicyServiceListResponse (list: array, nextPageToken: string)
   CredentialInventoryPolicy (createdAt: date-time, delegated: DelegatedConstraints, deletedAt: date-time ...)
    DelegatedConstraints (googleEnabled: boolean, googleHostedDomains: array, microsoftEnabled: boolean ...)
    EmailOtpConstraints (codeLength: int32, maxAttempts: int32, ttlSeconds: int32)
     EnabledTypes (enum: CREDENTIAL_TYPE_UNSPECIFIED, CREDENTIAL_TYPE_PASSKEY, CREDENTIAL_TYPE_PASSWORD ...)
    PasskeyConstraints (allowedAaguids: array, attestation: enum, requireUserVerification: boolean)
     Attestation (enum: ATTESTATION_REQUIREMENT_UNSPECIFIED, ATTESTATION_REQUIREMENT_NONE, ATTESTATION_REQUIREMENT_INDIRECT ...)
    PasswordConstraints (checkBreached: boolean, historyDepth: int32, minLength: int32 ...)
    TotpConstraints (codeLength: int32, periodSeconds: int32, skewTolerance: int32)
CredentialInventoryPolicyServiceCreateRequest (delegated: DelegatedConstraints, displayName: string, emailOtp: EmailOTPConstraints ...)
  CredentialInventoryPolicyServiceCreateRequestEnabledTypes (enum: CREDENTIAL_TYPE_UNSPECIFIED, CREDENTIAL_TYPE_PASSKEY, CREDENTIAL_TYPE_PASSWORD ...)
C1ApiCredentialInventoryV1CredentialInventoryPolicyServiceCreateResponse (ContentType: string, StatusCode: int32, RawResponse: response ...)
 CredentialInventoryPolicyServiceCreateResponse (credentialInventoryPolicy: CredentialInventoryPolicy)
C1ApiCredentialInventoryV1CredentialInventoryPolicyServiceDeleteRequest (id: string, CredentialInventoryPolicyServiceDeleteRequest: CredentialInventoryPolicyServiceDeleteRequest)
 CredentialInventoryPolicyServiceDeleteRequest (empty)
C1ApiCredentialInventoryV1CredentialInventoryPolicyServiceDeleteResponse (ContentType: string, StatusCode: int32, RawResponse: response ...)
 CredentialInventoryPolicyServiceDeleteResponse (empty)
C1ApiCredentialInventoryV1CredentialInventoryPolicyServiceGetRequest (id: string)
C1ApiCredentialInventoryV1CredentialInventoryPolicyServiceGetResponse (ContentType: string, StatusCode: int32, RawResponse: response ...)
 CredentialInventoryPolicyServiceGetResponse (credentialInventoryPolicy: CredentialInventoryPolicy)
C1ApiCredentialInventoryV1CredentialInventoryPolicyServiceUpdateRequest (id: string, CredentialInventoryPolicyServiceUpdateRequest: CredentialInventoryPolicyServiceUpdateRequest)
 CredentialInventoryPolicyServiceUpdateRequest (credentialInventoryPolicy: CredentialInventoryPolicy_input, updateMask: string)
  CredentialInventoryPolicyInput (delegated: DelegatedConstraints, displayName: string, emailOtp: EmailOTPConstraints ...)
C1ApiCredentialInventoryV1CredentialInventoryPolicyServiceUpdateResponse (ContentType: string, StatusCode: int32, RawResponse: response ...)
 CredentialInventoryPolicyServiceUpdateResponse (credentialInventoryPolicy: CredentialInventoryPolicy)
CredentialInventoryPolicyServiceSearchRequest (pageSize: int32, pageToken: string, query: string ...)
  CredentialInventoryPolicyRef (id: string)
C1ApiCredentialInventoryV1CredentialInventoryPolicyServiceSearchResponse (ContentType: string, StatusCode: int32, RawResponse: response ...)
 CredentialInventoryPolicyServiceSearchResponse (list: array, nextPageToken: string)
Decoy (SDK empty)
C1ApiDecoyV1DecoyServiceListResponse (ContentType: string, StatusCode: int32, RawResponse: response ...)
 DecoyServiceListResponse (list: array, nextPageToken: string)
   Decoy (annotations: map, createdAt: date-time, description: string ...)
    DecoyKind (enum: DECOY_KIND_UNSPECIFIED, DECOY_KIND_USER_CLIENT_CREDENTIAL, DECOY_KIND_CONNECTOR_CLIENT ...)
DecoyServiceCreateRequest (accessToken: DecoyAccessTokenInput, annotations: map, connectorClient: DecoyConnectorClientInput ...)
 DecoyAccessTokenInput (expiresIn: string, subjectUserId: string)
 DecoyConnectorClientInput (empty)
 DecoyUserClientCredentialInput (userId: string)
 DecoyWorkloadFederationInput (conditionExpression: string, providerId: string, servicePrincipalUserId: string)
C1ApiDecoyV1DecoyServiceCreateResponse (ContentType: string, StatusCode: int32, RawResponse: response ...)
 DecoyServiceCreateResponse (decoy: Decoy, material: DecoyVendingMaterial)
  DecoyVendingMaterial (accessToken: DecoyAccessTokenMaterial, clientCredential: DecoyClientCredentialMaterial, workloadFederation: DecoyWorkloadFederationMaterial)
   DecoyAccessTokenMaterial (accessToken: string)
   DecoyClientCredentialMaterial (clientId: string, clientSecret: string)
   DecoyWorkloadFederationMaterial (workloadFederationTrustId: string)
C1ApiDecoyV1DecoyServiceDeleteRequest (id: string, DecoyServiceDeleteRequest: DecoyServiceDeleteRequest)
 DecoyServiceDeleteRequest (empty)
C1ApiDecoyV1DecoyServiceDeleteResponse (ContentType: string, StatusCode: int32, RawResponse: response ...)
 DecoyServiceDeleteResponse (empty)
C1ApiDecoyV1DecoyServiceGetRequest (id: string)
C1ApiDecoyV1DecoyServiceGetResponse (ContentType: string, StatusCode: int32, RawResponse: response ...)
 DecoyServiceGetResponse (decoy: Decoy)
C1ApiDecoyV1DecoyServiceUpdateRequest (id: string, DecoyServiceUpdateRequest: DecoyServiceUpdateRequest)
 DecoyServiceUpdateRequest (decoy: Decoy_input, updateMask: string)
  DecoyInput (annotations: map, description: string, disabled: boolean ...)
C1ApiDecoyV1DecoyServiceUpdateResponse (ContentType: string, StatusCode: int32, RawResponse: response ...)
 DecoyServiceUpdateResponse (decoy: Decoy)
C1ApiDecoyV1DecoyServiceRotateRequest (id: string, DecoyServiceRotateRequest: DecoyServiceRotateRequest)
 DecoyServiceRotateRequest (empty)
C1ApiDecoyV1DecoyServiceRotateResponse (ContentType: string, StatusCode: int32, RawResponse: response ...)
 DecoyServiceRotateResponse (decoy: Decoy, material: DecoyVendingMaterial)
DecoySearch (SDK empty)
DecoySearchRequest (annotationKeys: array, hasBeenUsed: boolean, kinds: array ...)
  Kinds (enum: DECOY_KIND_UNSPECIFIED, DECOY_KIND_USER_CLIENT_CREDENTIAL, DECOY_KIND_CONNECTOR_CLIENT ...)
  Statuses (enum: DECOY_STATUS_FILTER_UNSPECIFIED, DECOY_STATUS_FILTER_ACTIVE, DECOY_STATUS_FILTER_DISABLED)
C1ApiDecoyV1DecoySearchServiceSearchResponse (ContentType: string, StatusCode: int32, RawResponse: response ...)
 DecoySearchResponse (list: array, nextPageToken: string)
Directory (SDK empty)
C1ApiDirectoryV1DirectoryServiceListRequest (page_size: int32, page_token: string)
C1ApiDirectoryV1DirectoryServiceListResponse (ContentType: string, StatusCode: int32, RawResponse: response ...)
 DirectoryServiceListResponse (expanded: array, list: array, nextPageToken: string)
   DirectoryServiceListResponseExpanded (empty)
   DirectoryView (appPath: string, directory: Directory)
    Directory (all: DirectoryAccountFilterAll, appId: string, celExpression: DirectoryAccountFilterCel ...)
     DirectoryAccountFilterAll (empty)
     DirectoryAccountFilterCel (expression: string)
     DirectoryMergeConfig (matchCases: array)
       DirectoryMergeMatchCase (appUserKeyCel: string, userKeyCel: string)
DirectoryServiceCreateRequest (all: DirectoryAccountFilterAll, appId: string, celExpression: DirectoryAccountFilterCel ...)
C1ApiDirectoryV1DirectoryServiceCreateResponse (ContentType: string, StatusCode: int32, RawResponse: response ...)
 DirectoryServiceCreateResponse (directoryView: DirectoryView, expanded: array)
   DirectoryServiceCreateResponseExpanded (empty)
C1ApiDirectoryV1DirectoryServiceDeleteRequest (app_id: string, DirectoryServiceDeleteRequest: DirectoryServiceDeleteRequest)
 DirectoryServiceDeleteRequest (empty)
C1ApiDirectoryV1DirectoryServiceDeleteResponse (ContentType: string, StatusCode: int32, RawResponse: response ...)
 DirectoryServiceDeleteResponse (empty)
C1ApiDirectoryV1DirectoryServiceGetRequest (app_id: string)
C1ApiDirectoryV1DirectoryServiceGetResponse (ContentType: string, StatusCode: int32, RawResponse: response ...)
 DirectoryServiceGetResponse (directoryView: DirectoryView, expanded: array)
   DirectoryServiceGetResponseExpanded (empty)
C1ApiDirectoryV1DirectoryServiceUpdateRequest (app_id: string, DirectoryServiceUpdateRequest: DirectoryServiceUpdateRequest)
 DirectoryServiceUpdateRequest (all: DirectoryAccountFilterAll, celExpression: DirectoryAccountFilterCel, expandMask: DirectoryExpandMask ...)
  DirectoryExpandMask (paths: array)
C1ApiDirectoryV1DirectoryServiceUpdateResponse (ContentType: string, StatusCode: int32, RawResponse: response ...)
 DirectoryServiceUpdateResponse (directoryView: DirectoryView, expanded: array)
   DirectoryServiceUpdateResponseExpanded (empty)
Finding (SDK empty)
CreateFindingRequest (annotations: map, appResourceTarget: AppResourceTarget, appUserTarget: AppUserTarget ...)
 AppResourceTarget (appId: string, appResourceId: string, appResourceTypeId: string)
 AppUserTarget (appId: string, appUserId: string)
 ConnectorTarget (appId: string, connectorId: string)
 DecoyTarget (decoyId: string)
 IdentityUserTarget (identityUserId: string)
 CreateFindingRequestSeverity (enum: FINDING_SEVERITY_UNSPECIFIED, FINDING_SEVERITY_INFO, FINDING_SEVERITY_LOW ...)
 TenantTarget (empty)
C1ApiFindingV1FindingServiceCreateFindingResponse (ContentType: string, StatusCode: int32, RawResponse: response ...)
 CreateFindingResponse (finding: Finding)
  Finding (annotations: map, appId: string, appResourceTarget: AppResourceTarget ...)
   FindingOwnerRef (appOwnerAppId: string, identityUserId: string, managerOfUserId: string ...)
   ConnectorAnomalyDetectionDisabledType (empty)
   CredentialExpiringType (credentialDisplayName: string, userClientId: string)
   CredentialExpiringEvidence (expired: boolean, expiresAt: date-time)
   CredentialPubliclyExposedType (connectorClientId: string, connectorManagedCredentialId: string, credentialDisplayName: string ...)
   CredentialPubliclyExposedEvidence (credentialRevoked: boolean, fingerprintPrefix: string, firstObservedAt: date-time ...)
   CustomFindingType (empty)
   DeactivatedOwnerType (source: enum)
    DeactivatedOwnerTypeSource (enum: DEACTIVATED_OWNER_SOURCE_UNSPECIFIED, DEACTIVATED_OWNER_SOURCE_IDENTITY_CORRELATION, DEACTIVATED_OWNER_SOURCE_OWNERSHIP_ASSIGNED)
   DeactivatedOwnerEvidence (deactivatedOwners: array)
     DeactivatedOwnerDetail (reason: enum, userId: string)
      Reason (enum: DEACTIVATED_OWNER_REASON_UNSPECIFIED, DEACTIVATED_OWNER_REASON_USER_DELETED, DEACTIVATED_OWNER_REASON_USER_DISABLED ...)
   DecoyCredentialUsedType (decoyId: string, kind: enum)
    DecoyCredentialUsedTypeKind (enum: DECOY_CREDENTIAL_KIND_UNSPECIFIED, DECOY_CREDENTIAL_KIND_USER_CLIENT_CREDENTIAL, DECOY_CREDENTIAL_KIND_CONNECTOR_CLIENT ...)
   DecoyPubliclyExposedType (decoyDisplayName: string, decoyId: string)
   DecoyPubliclyExposedEvidence (credentialRevoked: boolean, fingerprintPrefix: string, firstObservedAt: date-time ...)
   NhiUnownedType (empty)
   FindingRiskScore (originalScore: integer, overrideByUserId: string, overrideScore: integer ...)
     FindingRiskFactor (description: string, name: string, severity: enum ...)
      FindingRiskFactorSeverity (enum: FINDING_SEVERITY_UNSPECIFIED, FINDING_SEVERITY_INFO, FINDING_SEVERITY_LOW ...)
   ServiceAccountMisclassificationType (currentAccountType: enum, detectedAccountType: enum)
    CurrentAccountType (enum: APP_USER_TYPE_UNSPECIFIED, APP_USER_TYPE_USER, APP_USER_TYPE_SERVICE_ACCOUNT ...)
    DetectedAccountType (enum: APP_USER_TYPE_UNSPECIFIED, APP_USER_TYPE_USER, APP_USER_TYPE_SERVICE_ACCOUNT ...)
   ServiceAccountMisclassificationEvidence (detectionReason: string)
   ServiceAccountUnownedType (empty)
   FindingSeverity (enum: FINDING_SEVERITY_UNSPECIFIED, FINDING_SEVERITY_INFO, FINDING_SEVERITY_LOW ...)
   SimilarUsernameMatchType (proposedIdentityUserId: string)
   SimilarUsernameMatchEvidence (appUsername: string, identityUsername: string, similarityScore: number)
   SourceKind (enum: FINDING_SOURCE_KIND_UNSPECIFIED, FINDING_SOURCE_KIND_DETECTOR, FINDING_SOURCE_KIND_EXTERNAL)
   FindingState (enum: FINDING_STATE_UNSPECIFIED, FINDING_STATE_OPEN, FINDING_STATE_IN_PROGRESS ...)
   UnusedSecretType (empty)
   UnusedSecretEvidence (lastUsedAt: date-time)
C1ApiFindingV1FindingServiceUpdateFindingStateRequest (finding_id: string, UpdateFindingStateRequest: UpdateFindingStateRequest)
 UpdateFindingStateRequest (acceptRisk: AcceptRiskAction, reopen: ReopenAction, resolve: ResolveAction ...)
  AcceptRiskAction (expiresAt: date-time, justification: string)
  ReopenAction (empty)
  ResolveAction (reason: string)
  SnoozeAction (reason: string, snoozeUntil: date-time)
  SuppressStateAction (reason: string)
  UnsuppressAction (empty)
C1ApiFindingV1FindingServiceUpdateFindingStateResponse (ContentType: string, StatusCode: int32, RawResponse: response ...)
 UpdateFindingStateResponse (finding: Finding)
C1ApiFindingV1FindingServiceCreateFindingTaskRequest (finding_id: string, CreateFindingTaskRequest: CreateFindingTaskRequest)
 CreateFindingTaskRequest (policyId: string)
C1ApiFindingV1FindingServiceCreateFindingTaskResponse (ContentType: string, StatusCode: int32, RawResponse: response ...)
 CreateFindingTaskResponse (finding: Finding, taskId: string)
C1ApiFindingV1FindingServiceGetFindingRequest (id: string)
C1ApiFindingV1FindingServiceGetFindingResponse (ContentType: string, StatusCode: int32, RawResponse: response ...)
 GetFindingResponse (expanded: array, finding: Finding)
   GetFindingResponseExpanded (empty)
BulkUpdateFindingStateRequest (acceptRisk: BulkAcceptRiskAction, assignOwner: BulkAssignOwnerAction, refs: array ...)
 BulkAcceptRiskAction (expiresAt: date-time, justification: string)
 BulkAssignOwnerAction (owner: FindingOwnerRef)
  FindingRef (id: string)
 BulkReopenAction (empty)
 FindingSearchRequest (appIds: array, appResourceIds: array, appResourceTraitIds: array ...)
   FindingSearchRequestAppUserTypes (enum: APP_USER_TYPE_UNSPECIFIED, APP_USER_TYPE_USER, APP_USER_TYPE_SERVICE_ACCOUNT ...)
   FindingTypes (enum: FINDING_TYPE_UNSPECIFIED, FINDING_TYPE_SIMILAR_USERNAME_MATCH, FINDING_TYPE_SERVICE_ACCOUNT_MISCLASSIFICATION ...)
   NhiTypes (enum: NHI_TYPE_UNSPECIFIED, NHI_TYPE_APP_REGISTRATION, NHI_TYPE_ASSUMABLE_ROLE ...)
   Severities (enum: FINDING_SEVERITY_UNSPECIFIED, FINDING_SEVERITY_INFO, FINDING_SEVERITY_LOW ...)
   SourceKinds (enum: FINDING_SOURCE_KIND_UNSPECIFIED, FINDING_SOURCE_KIND_DETECTOR, FINDING_SOURCE_KIND_EXTERNAL)
   States (enum: FINDING_STATE_UNSPECIFIED, FINDING_STATE_OPEN, FINDING_STATE_IN_PROGRESS ...)
 BulkSnoozeAction (reason: string, snoozeUntil: date-time)
 BulkSuppressAction (reason: string)
 BulkUnsuppressAction (empty)
C1ApiFindingV1FindingServiceBulkUpdateFindingStateResponse (ContentType: string, StatusCode: int32, RawResponse: response ...)
 BulkUpdateFindingStateResponse (bulkActionId: string)
BulkCreateFindingTasksRequest (policyId: string, refs: array, searchRequest: FindingSearchRequest)
C1ApiFindingV1FindingServiceBulkCreateFindingTasksResponse (ContentType: string, StatusCode: int32, RawResponse: response ...)
 BulkCreateFindingTasksResponse (bulkActionId: string)
FindingRoutingRule (SDK empty)
C1ApiFindingV1FindingRoutingRuleServiceListFindingRoutingRulesResponse (ContentType: string, StatusCode: int32, RawResponse: response ...)
 ListFindingRoutingRulesResponse (list: array, nextPageToken: string)
   FindingRoutingRule (action: FindingRoutingRuleAction, appId: string, condition: string ...)
    FindingRoutingRuleAction (acceptRisk: AcceptRiskRoutingAction, createTask: CreateTaskAction, snooze: SnoozeRoutingAction ...)
     AcceptRiskRoutingAction (duration: string, reason: string)
     CreateTaskAction (policyId: string)
     SnoozeRoutingAction (duration: string, reason: string)
     SuppressRoutingAction (reason: string)
     FindingDispatcher (displayName: string, enabled: boolean, invokeFunction: InvokeFunctionDispatcher ...)
      InvokeFunctionDispatcher (args: map, functionCommitId: string, functionId: string)
      NotifyDispatcher (audience: FindingAudience, batchWindowSeconds: integer, detailLevel: enum ...)
       FindingAudience (users: FindingAudienceUsers)
        FindingAudienceUsers (userIds: array)
       DetailLevel (enum: FINDING_NOTIFY_DETAIL_LEVEL_UNSPECIFIED, FINDING_NOTIFY_DETAIL_LEVEL_SUMMARY, FINDING_NOTIFY_DETAIL_LEVEL_FULL_DETAIL)
       SlackChannelTarget (channelId: string, channelName: string)
      FindingDispatchOutcomeNotify (onDone: boolean, onError: boolean, recipients: array)
      TierOverride (enum: FINDING_DISPATCH_TIER_UNSPECIFIED, FINDING_DISPATCH_TIER_AUTO, FINDING_DISPATCH_TIER_REQUIRES_APPROVAL)
      TriggerAutomationDispatcher (automationId: string, inputMapping: map)
      WebhookDispatcher (payloadTemplate: string, webhookId: string)
    FindingType (enum: FINDING_TYPE_UNSPECIFIED, FINDING_TYPE_SIMILAR_USERNAME_MATCH, FINDING_TYPE_SERVICE_ACCOUNT_MISCLASSIFICATION ...)
CreateFindingRoutingRuleRequest (routingRule: FindingRoutingRule)
C1ApiFindingV1FindingRoutingRuleServiceCreateFindingRoutingRuleResponse (ContentType: string, StatusCode: int32, RawResponse: response ...)
 CreateFindingRoutingRuleResponse (routingRule: FindingRoutingRule)
C1ApiFindingV1FindingRoutingRuleServiceDeleteFindingRoutingRuleRequest (id: string, DeleteFindingRoutingRuleRequest: DeleteFindingRoutingRuleRequest)
 DeleteFindingRoutingRuleRequest (empty)
C1ApiFindingV1FindingRoutingRuleServiceDeleteFindingRoutingRuleResponse (ContentType: string, StatusCode: int32, RawResponse: response ...)
 DeleteFindingRoutingRuleResponse (empty)
C1ApiFindingV1FindingRoutingRuleServiceGetFindingRoutingRuleRequest (id: string)
C1ApiFindingV1FindingRoutingRuleServiceGetFindingRoutingRuleResponse (ContentType: string, StatusCode: int32, RawResponse: response ...)
 GetFindingRoutingRuleResponse (routingRule: FindingRoutingRule)
C1ApiFindingV1FindingRoutingRuleServiceUpdateFindingRoutingRuleRequest (routing_rule_id: string, UpdateFindingRoutingRuleRequest: UpdateFindingRoutingRuleRequest)
 UpdateFindingRoutingRuleRequest (routingRule: FindingRoutingRule)
C1ApiFindingV1FindingRoutingRuleServiceUpdateFindingRoutingRuleResponse (ContentType: string, StatusCode: int32, RawResponse: response ...)
 UpdateFindingRoutingRuleResponse (routingRule: FindingRoutingRule)
FindingSearch (SDK empty)
C1ApiFindingV1FindingSearchServiceSearchResponse (ContentType: string, StatusCode: int32, RawResponse: response ...)
 FindingSearchResponse (list: array, nextPageToken: string)
FindingSettings (SDK empty)
C1ApiFindingV1FindingSettingsServiceListFindingSettingsResponse (ContentType: string, StatusCode: int32, RawResponse: response ...)
 ListFindingSettingsResponse (configured: boolean, list: array)
   FindingTypeSetting (enabled: boolean, findingType: enum)
    FindingTypeSettingFindingType (enum: FINDING_TYPE_UNSPECIFIED, FINDING_TYPE_SIMILAR_USERNAME_MATCH, FINDING_TYPE_SERVICE_ACCOUNT_MISCLASSIFICATION ...)
UpdateFindingSettingsRequest (settings: array)
  FindingSettingsEntry (enabled: boolean, findingType: enum)
   FindingSettingsEntryFindingType (enum: FINDING_TYPE_UNSPECIFIED, FINDING_TYPE_SIMILAR_USERNAME_MATCH, FINDING_TYPE_SERVICE_ACCOUNT_MISCLASSIFICATION ...)
C1ApiFindingV1FindingSettingsServiceUpdateFindingSettingsResponse (ContentType: string, StatusCode: int32, RawResponse: response ...)
 UpdateFindingSettingsResponse (list: array)
FindingTransformationRule (SDK empty)
C1ApiFindingV1FindingTransformationRuleServiceListFindingTransformationRulesResponse (ContentType: string, StatusCode: int32, RawResponse: response ...)
 ListFindingTransformationRulesResponse (list: array, nextPageToken: string)
   FindingTransformationRule (appId: string, condition: string, createdAt: date-time ...)
    FindingTransformationRuleFindingType (enum: FINDING_TYPE_UNSPECIFIED, FINDING_TYPE_SIMILAR_USERNAME_MATCH, FINDING_TYPE_SERVICE_ACCOUNT_MISCLASSIFICATION ...)
     FindingTransform (removeTags: RemoveTags, setSeverity: SetSeverity, setTags: SetTags)
      RemoveTags (keys: array)
      SetSeverity (severity: enum)
       SetSeveritySeverity (enum: FINDING_SEVERITY_UNSPECIFIED, FINDING_SEVERITY_INFO, FINDING_SEVERITY_LOW ...)
      SetTags (tags: map)
CreateFindingTransformationRuleRequest (transformationRule: FindingTransformationRule)
C1ApiFindingV1FindingTransformationRuleServiceCreateFindingTransformationRuleResponse (ContentType: string, StatusCode: int32, RawResponse: response ...)
 CreateFindingTransformationRuleResponse (transformationRule: FindingTransformationRule)
C1ApiFindingV1FindingTransformationRuleServiceDeleteFindingTransformationRuleRequest (id: string, DeleteFindingTransformationRuleRequest: DeleteFindingTransformationRuleRequest)
 DeleteFindingTransformationRuleRequest (empty)
C1ApiFindingV1FindingTransformationRuleServiceDeleteFindingTransformationRuleResponse (ContentType: string, StatusCode: int32, RawResponse: response ...)
 DeleteFindingTransformationRuleResponse (empty)
C1ApiFindingV1FindingTransformationRuleServiceGetFindingTransformationRuleRequest (id: string)
C1ApiFindingV1FindingTransformationRuleServiceGetFindingTransformationRuleResponse (ContentType: string, StatusCode: int32, RawResponse: response ...)
 GetFindingTransformationRuleResponse (transformationRule: FindingTransformationRule)
C1ApiFindingV1FindingTransformationRuleServiceUpdateFindingTransformationRuleRequest (transformation_rule_id: string, UpdateFindingTransformationRuleRequest: UpdateFindingTransformationRuleRequest)
 UpdateFindingTransformationRuleRequest (transformationRule: FindingTransformationRule)
C1ApiFindingV1FindingTransformationRuleServiceUpdateFindingTransformationRuleResponse (ContentType: string, StatusCode: int32, RawResponse: response ...)
 UpdateFindingTransformationRuleResponse (transformationRule: FindingTransformationRule)
Functions (SDK empty)
C1ApiFunctionsV1FunctionsServiceListFunctionsResponse (ContentType: string, StatusCode: int32, RawResponse: response ...)
 FunctionsServiceListFunctionsResponse (list: array, nextPageToken: string)
   Function (createdAt: date-time, deletedAt: date-time, description: string ...)
    FunctionType (enum: FUNCTION_TYPE_UNSPECIFIED, FUNCTION_TYPE_ANY, FUNCTION_TYPE_CODE_MODE)
FunctionsServiceCreateFunctionRequest (commitMessage: string, description: string, displayName: string ...)
 FunctionsServiceCreateFunctionRequestFunctionType (enum: FUNCTION_TYPE_UNSPECIFIED, FUNCTION_TYPE_ANY, FUNCTION_TYPE_CODE_MODE)
C1ApiFunctionsV1FunctionsServiceCreateFunctionResponse (ContentType: string, StatusCode: int32, RawResponse: response ...)
 FunctionsServiceCreateFunctionResponse (commit: FunctionCommit, function: Function)
  FunctionCommit (author: string, createdAt: date-time, functionId: string ...)
C1ApiFunctionsV1FunctionsServiceListCommitsRequest (function_id: string)
C1ApiFunctionsV1FunctionsServiceListCommitsResponse (ContentType: string, StatusCode: int32, RawResponse: response ...)
 FunctionsServiceListCommitsResponse (list: array, nextPageToken: string)
C1ApiFunctionsV1FunctionsServiceCreateInitialCommitRequest (function_id: string, FunctionsServiceCreateInitialCommitRequest: FunctionsServiceCreateInitialCommitRequest)
 FunctionsServiceCreateInitialCommitRequest (commitMessage: string, filenames: array)
C1ApiFunctionsV1FunctionsServiceCreateInitialCommitResponse (ContentType: string, StatusCode: int32, RawResponse: response ...)
 FunctionsServiceCreateInitialCommitResponse (commitId: string, uploadUrls: map)
C1ApiFunctionsV1FunctionsServiceCreateFinalCommitRequest (function_id: string, commit_id: string, FunctionsServiceCreateFinalCommitRequest: FunctionsServiceCreateFinalCommitRequest)
 FunctionsServiceCreateFinalCommitRequest (empty)
C1ApiFunctionsV1FunctionsServiceCreateFinalCommitResponse (ContentType: string, StatusCode: int32, RawResponse: response ...)
 FunctionsServiceCreateFinalCommitResponse (commit: FunctionCommit)
C1ApiFunctionsV1FunctionsServiceGetLockFileRequest (function_id: string, commit_id: string)
C1ApiFunctionsV1FunctionsServiceGetLockFileResponse (ContentType: string, StatusCode: int32, RawResponse: response ...)
 FunctionsServiceGetLockFileResponse (content: string, exists: boolean)
C1ApiFunctionsV1FunctionsServiceGetCommitContentRequest (function_id: string, id: string)
C1ApiFunctionsV1FunctionsServiceGetCommitContentResponse (ContentType: string, StatusCode: int32, RawResponse: response ...)
 FunctionsServiceGetCommitContentResponse (commit: FunctionCommit, files: map)
C1ApiFunctionsV1FunctionsServiceInvokeRequest (function_id: string, FunctionsServiceInvokeRequest: FunctionsServiceInvokeRequest)
 FunctionsServiceInvokeRequest (commitId: string, json: string, vfsId: string)
C1ApiFunctionsV1FunctionsServiceInvokeResponse (ContentType: string, StatusCode: int32, RawResponse: response ...)
 FunctionsServiceInvokeResponse (invocationId: string, json: string)
C1ApiFunctionsV1FunctionsServiceListTagsRequest (function_id: string)
C1ApiFunctionsV1FunctionsServiceListTagsResponse (ContentType: string, StatusCode: int32, RawResponse: response ...)
 FunctionsServiceListTagsResponse (tags: map)
C1ApiFunctionsV1FunctionsServiceCreateTagRequest (function_id: string, FunctionsServiceCreateTagRequest: FunctionsServiceCreateTagRequest)
 FunctionsServiceCreateTagRequest (commitId: string, name: string)
C1ApiFunctionsV1FunctionsServiceCreateTagResponse (ContentType: string, StatusCode: int32, RawResponse: response ...)
 FunctionsServiceCreateTagResponse (empty)
C1ApiFunctionsV1FunctionsServiceTestRequest (function_id: string, FunctionsServiceTestRequest: FunctionsServiceTestRequest)
 FunctionsServiceTestRequest (commitId: string)
C1ApiFunctionsV1FunctionsServiceTestResponse (ContentType: string, StatusCode: int32, RawResponse: response ...)
 FunctionsServiceTestResponse (result: FunctionTestResult, results: array)
  FunctionTestResult (assertions: array, error: string, logs: array ...)
    FunctionTestResultAssertion (actual: string, at: string, description: string ...)
    FunctionTestResultLog (level: string, log: string, source: string)
   FunctionTestResultStatus (enum: FUNCTION_TEST_RESULT_STATUS_UNSPECIFIED, FUNCTION_TEST_RESULT_STATUS_OK, FUNCTION_TEST_RESULT_STATUS_FAIL ...)
C1ApiFunctionsV1FunctionsServiceDeleteFunctionRequest (id: string, FunctionsServiceDeleteFunctionRequest: FunctionsServiceDeleteFunctionRequest)
 FunctionsServiceDeleteFunctionRequest (empty)
C1ApiFunctionsV1FunctionsServiceDeleteFunctionResponse (ContentType: string, StatusCode: int32, RawResponse: response ...)
 FunctionsServiceDeleteFunctionResponse (empty)
C1ApiFunctionsV1FunctionsServiceGetFunctionRequest (id: string)
C1ApiFunctionsV1FunctionsServiceGetFunctionResponse (ContentType: string, StatusCode: int32, RawResponse: response ...)
 FunctionsServiceGetFunctionResponse (function: Function)
FunctionsServiceUpdateFunctionRequest (commitMessage: string, content: map, function: Function_input ...)
 FunctionInput (description: string, displayName: string, functionType: enum ...)
C1ApiFunctionsV1FunctionsServiceUpdateFunctionResponse (ContentType: string, StatusCode: int32, RawResponse: response ...)
 FunctionsServiceUpdateFunctionResponse (commit: FunctionCommit, function: Function)
FunctionsInvocation (SDK empty)
C1ApiFunctionsV1FunctionsInvocationServiceListRequest (function_id: string)
C1ApiFunctionsV1FunctionsInvocationServiceListResponse (ContentType: string, StatusCode: int32, RawResponse: response ...)
 FunctionsInvocationServiceListResponse (list: array, nextPageToken: string)
   FunctionInvocation (commitId: string, createdAt: date-time, error: string ...)
    Input (empty)
    Output (empty)
    FunctionInvocationStatus (enum: FUNCTION_INVOCATION_STATUS_UNSPECIFIED, FUNCTION_INVOCATION_STATUS_PENDING, FUNCTION_INVOCATION_STATUS_RUNNING ...)
C1ApiFunctionsV1FunctionsInvocationServiceGetRequest (function_id: string, id: string)
C1ApiFunctionsV1FunctionsInvocationServiceGetResponse (ContentType: string, StatusCode: int32, RawResponse: response ...)
 FunctionsInvocationServiceGetResponse (invocation: FunctionInvocation)
FunctionsInvocationSearch (SDK empty)
C1ApiFunctionsV1FunctionsInvocationSearchServiceSearchRequest (function_id: string, FunctionsInvocationSearchRequest: FunctionsInvocationSearchRequest)
 FunctionsInvocationSearchRequest (pageSize: int32, pageToken: string)
C1ApiFunctionsV1FunctionsInvocationSearchServiceSearchResponse (ContentType: string, StatusCode: int32, RawResponse: response ...)
 FunctionsInvocationSearchResponse (list: array, nextPageToken: string)
Hooks (SDK empty)
C1ApiHooksV1HooksServiceListRequest (page_size: int32, page_token: string)
C1ApiHooksV1HooksServiceListResponse (ContentType: string, StatusCode: int32, RawResponse: response ...)
 HooksServiceListResponse (list: array, nextPageToken: string)
   Hook (builtinPattern: BuiltInPattern, createdAt: date-time, description: string ...)
    BuiltInPattern (blockOutput: BlockOutputConfig, blockToolCall: BlockToolCallConfig, creditCardBlocking: CreditCardBlockingConfig ...)
     BlockOutputConfig (message: string, surfaces: array)
       Surfaces (enum: HOOK_OUTPUT_SURFACE_UNSPECIFIED, HOOK_OUTPUT_SURFACE_SLACK, HOOK_OUTPUT_SURFACE_WEB)
     BlockToolCallConfig (message: string)
     CreditCardBlockingConfig (empty)
     EncodedContentGuardConfig (flagOnly: boolean, minBase64Run: int32, minHexRun: int32)
     LinkFilterConfig (action: enum, allowedHosts: array, blockImages: boolean)
      LinkFilterConfigAction (enum: LINK_FILTER_ACTION_UNSPECIFIED, LINK_FILTER_ACTION_REDACT, LINK_FILTER_ACTION_ANNOTATE)
     PiiRedactionConfig (redactFields: array, replacement: string)
     PreToolBlockConfig (message: string)
     PromptInjectionScanConfig (flagOnly: boolean, threshold: enum)
      Threshold (enum: PROMPT_INJECTION_THRESHOLD_UNSPECIFIED, PROMPT_INJECTION_THRESHOLD_LOW, PROMPT_INJECTION_THRESHOLD_MEDIUM ...)
     QueryScopeLimitConfig (fields: array, maxLimit: int32)
     SecretsMaskingConfig (additionalPatterns: array, placeholder: string)
     SensitiveFileGuardConfig (blockedDirectories: array, blockedPatterns: array)
     ToolOutputSizeGuardConfig (maxBytes: int32)
     WriteAuthorizationConfig (blockedClassifications: array, businessHours: BusinessHours)
       BlockedClassifications (enum: TOOL_CLASSIFICATION_UNSPECIFIED, TOOL_CLASSIFICATION_READ, TOOL_CLASSIFICATION_WRITE ...)
      BusinessHours (days: array, end: string, start: string ...)
    Event (enum: HOOK_EVENT_TYPE_UNSPECIFIED, HOOK_EVENT_TYPE_PRE_TOOL_USE, HOOK_EVENT_TYPE_POST_TOOL_USE ...)
    HookFilter (celExpression: string)
    HookFunctionRef (commitId: string, functionId: string)
    JsonPatchConfig (celExpression: string, staticOverlay: class)
     StaticOverlay (empty)
HooksServiceCreateRequest (builtinPattern: BuiltInPattern, description: string, displayName: string ...)
 HooksServiceCreateRequestEvent (enum: HOOK_EVENT_TYPE_UNSPECIFIED, HOOK_EVENT_TYPE_PRE_TOOL_USE, HOOK_EVENT_TYPE_POST_TOOL_USE ...)
C1ApiHooksV1HooksServiceCreateResponse (ContentType: string, StatusCode: int32, RawResponse: response ...)
 HooksServiceCreateResponse (hook: Hook)
C1ApiHooksV1HooksServiceDeleteRequest (id: string, HooksServiceDeleteRequest: HooksServiceDeleteRequest)
 HooksServiceDeleteRequest (empty)
C1ApiHooksV1HooksServiceDeleteResponse (ContentType: string, StatusCode: int32, RawResponse: response ...)
 HooksServiceDeleteResponse (empty)
C1ApiHooksV1HooksServiceGetRequest (id: string)
C1ApiHooksV1HooksServiceGetResponse (ContentType: string, StatusCode: int32, RawResponse: response ...)
 HooksServiceGetResponse (hook: Hook)
C1ApiHooksV1HooksServiceUpdateRequest (id: string, HooksServiceUpdateRequest: HooksServiceUpdateRequest)
 HooksServiceUpdateRequest (hook: Hook_input, updateMask: string)
  HookInput (builtinPattern: BuiltInPattern, description: string, displayName: string ...)
C1ApiHooksV1HooksServiceUpdateResponse (ContentType: string, StatusCode: int32, RawResponse: response ...)
 HooksServiceUpdateResponse (hook: Hook)
PersonalClient (SDK empty)
C1ApiIamV1PersonalClientServiceListResponse (ContentType: string, StatusCode: int32, RawResponse: response ...)
 PersonalClientServiceListResponse (list: array, nextPageToken: string)
   PersonalClient (allowSourceCidr: array, clientId: string, createdAt: date-time ...)
PersonalClientServiceCreateRequest (allowSourceCidr: array, displayName: string, expires: string ...)
C1ApiIamV1PersonalClientServiceCreateResponse (ContentType: string, StatusCode: int32, RawResponse: response ...)
 PersonalClientServiceCreateResponse (client: PersonalClient, clientSecret: string)
C1ApiIamV1PersonalClientServiceDeleteRequest (id: string, PersonalClientServiceDeleteRequest: PersonalClientServiceDeleteRequest)
 PersonalClientServiceDeleteRequest (empty)
C1ApiIamV1PersonalClientServiceDeleteResponse (ContentType: string, StatusCode: int32, RawResponse: response ...)
 PersonalClientServiceDeleteResponse (empty)
C1ApiIamV1PersonalClientServiceGetRequest (id: string)
C1ApiIamV1PersonalClientServiceGetResponse (ContentType: string, StatusCode: int32, RawResponse: response ...)
 PersonalClientServiceGetResponse (client: PersonalClient)
C1ApiIamV1PersonalClientServiceUpdateRequest (id: string, PersonalClientServiceUpdateRequest: PersonalClientServiceUpdateRequest)
 PersonalClientServiceUpdateRequest (client: PersonalClient_input, updateMask: string)
  PersonalClientInput (allowSourceCidr: array, displayName: string, expiresTime: date-time ...)
C1ApiIamV1PersonalClientServiceUpdateResponse (ContentType: string, StatusCode: int32, RawResponse: response ...)
 PersonalClientServiceUpdateResponse (client: PersonalClient)
PersonalDevice (SDK empty)
C1ApiIamV1PersonalDeviceServiceRevokeDeviceRequest (device_id: string, PersonalDeviceServiceRevokeDeviceRequest: PersonalDeviceServiceRevokeDeviceRequest)
 PersonalDeviceServiceRevokeDeviceRequest (empty)
C1ApiIamV1PersonalDeviceServiceRevokeDeviceResponse (ContentType: string, StatusCode: int32, RawResponse: response ...)
 PersonalDeviceServiceRevokeDeviceResponse (empty)
C1ApiIamV1PersonalDeviceServiceGetDeviceRequest (device_id: string)
C1ApiIamV1PersonalDeviceServiceGetDeviceResponse (ContentType: string, StatusCode: int32, RawResponse: response ...)
 PersonalDeviceServiceGetDeviceResponse (device: PersonalDevice)
  PersonalDevice (createdAt: date-time, deviceId: string, deviceOs: string ...)
   PersonalDeviceStatus (enum: PERSONAL_DEVICE_STATUS_UNSPECIFIED, PERSONAL_DEVICE_STATUS_ACTIVE, PERSONAL_DEVICE_STATUS_REVOKED)
C1ApiIamV1PersonalDeviceServiceUpdateDeviceRequest (device_id: string, PersonalDeviceServiceUpdateDeviceRequest: PersonalDeviceServiceUpdateDeviceRequest)
 PersonalDeviceServiceUpdateDeviceRequest (device: PersonalDevice_input, updateMask: string)
  PersonalDeviceInput (displayName: string)
C1ApiIamV1PersonalDeviceServiceUpdateDeviceResponse (ContentType: string, StatusCode: int32, RawResponse: response ...)
 PersonalDeviceServiceUpdateDeviceResponse (device: PersonalDevice)
C1ApiIamV1PersonalDeviceServiceListDeviceClientsRequest (device_id: string)
C1ApiIamV1PersonalDeviceServiceListDeviceClientsResponse (ContentType: string, StatusCode: int32, RawResponse: response ...)
 PersonalDeviceServiceListDeviceClientsResponse (clients: array, nextPageToken: string)
   PersonalDeviceClient (clientId: string, clientName: string, consumerKeyId: string ...)
C1ApiIamV1PersonalDeviceServiceRevokeDeviceClientRequest (device_id: string, id: string, PersonalDeviceServiceRevokeDeviceClientRequest: PersonalDeviceServiceRevokeDeviceClientRequest)
 PersonalDeviceServiceRevokeDeviceClientRequest (empty)
C1ApiIamV1PersonalDeviceServiceRevokeDeviceClientResponse (ContentType: string, StatusCode: int32, RawResponse: response ...)
 PersonalDeviceServiceRevokeDeviceClientResponse (empty)
PersonalDeviceServiceSearchRequest (pageSize: int32, pageToken: string, query: string ...)
 StatusFilter (enum: PERSONAL_DEVICE_STATUS_FILTER_UNSPECIFIED, PERSONAL_DEVICE_STATUS_FILTER_ACTIVE, PERSONAL_DEVICE_STATUS_FILTER_REVOKED ...)
C1ApiIamV1PersonalDeviceServiceSearchResponse (ContentType: string, StatusCode: int32, RawResponse: response ...)
 PersonalDeviceServiceSearchResponse (list: array, nextPageToken: string)
Roles (SDK empty)
C1ApiIamV1RolesListRequest (page_size: int32, page_token: string)
C1ApiIamV1RolesListResponse (ContentType: string, StatusCode: int32, RawResponse: response ...)
 ListRolesResponse (list: array, nextPageToken: string)
   Role (createdAt: date-time, deletedAt: date-time, displayName: string ...)
C1ApiIamV1RolesGetRequest (role_id: string)
C1ApiIamV1RolesGetResponse (ContentType: string, StatusCode: int32, RawResponse: response ...)
 GetRolesResponse (role: Role)
C1ApiIamV1RolesUpdateRequest (role_id: string, UpdateRoleRequest: UpdateRoleRequest)
 UpdateRoleRequest (role: Role_input, updateMask: string)
  RoleInput (displayName: string, permissions: array, serviceRoles: array)
C1ApiIamV1RolesUpdateResponse (ContentType: string, StatusCode: int32, RawResponse: response ...)
 UpdateRolesResponse (role: Role)
TunnelCredentials (SDK empty)
C1ApiIamV1TunnelCredentialsServiceListBridgesResponse (ContentType: string, StatusCode: int32, RawResponse: response ...)
 TunnelCredentialsServiceListBridgesResponse (list: array, nextPageToken: string)
   TunnelBridge (appliance: TunnelAppliance, createdAt: date-time, deletedAt: date-time ...)
    TunnelAppliance (announcedServiceCount: integer, lastSeenAt: date-time, links: array ...)
      TunnelApplianceLink (avgRtt: string, leaseExpiresAt: date-time, relayAddress: string ...)
     TunnelApplianceStatus (enum: TUNNEL_APPLIANCE_STATUS_UNSPECIFIED, TUNNEL_APPLIANCE_STATUS_CONNECTED, TUNNEL_APPLIANCE_STATUS_DISCONNECTED ...)
TunnelCredentialsServiceCreateBridgeRequest (description: string, displayName: string)
C1ApiIamV1TunnelCredentialsServiceCreateBridgeResponse (ContentType: string, StatusCode: int32, RawResponse: response ...)
 TunnelCredentialsServiceCreateBridgeResponse (bridge: TunnelBridge)
C1ApiIamV1TunnelCredentialsServiceListBridgeAnnouncedServicesRequest (bridge_id: string)
C1ApiIamV1TunnelCredentialsServiceListBridgeAnnouncedServicesResponse (ContentType: string, StatusCode: int32, RawResponse: response ...)
 TunnelCredentialsServiceListBridgeAnnouncedServicesResponse (list: array)
   AnnouncedTunnelService (name: string, port: integer, servicePath: string ...)
C1ApiIamV1TunnelCredentialsServiceListBridgeCredentialsRequest (bridge_id: string)
C1ApiIamV1TunnelCredentialsServiceListBridgeCredentialsResponse (ContentType: string, StatusCode: int32, RawResponse: response ...)
 TunnelCredentialsServiceListBridgeCredentialsResponse (list: array, nextPageToken: string)
   TunnelCredential (bridgeId: string, clientId: string, clientSecret: string ...)
    CredentialStatus (enum: TUNNEL_CREDENTIAL_STATUS_UNSPECIFIED, TUNNEL_CREDENTIAL_STATUS_ACTIVE, TUNNEL_CREDENTIAL_STATUS_REVOKED ...)
C1ApiIamV1TunnelCredentialsServiceCreateBridgeCredentialRequest (bridge_id: string, TunnelCredentialsServiceCreateBridgeCredentialRequest: TunnelCredentialsServiceCreateBridgeCredentialRequest)
 TunnelCredentialsServiceCreateBridgeCredentialRequest (empty)
C1ApiIamV1TunnelCredentialsServiceCreateBridgeCredentialResponse (ContentType: string, StatusCode: int32, RawResponse: response ...)
 TunnelCredentialsServiceCreateBridgeCredentialResponse (credential: TunnelCredential)
C1ApiIamV1TunnelCredentialsServiceDeleteBridgeRequest (id: string, TunnelCredentialsServiceDeleteBridgeRequest: TunnelCredentialsServiceDeleteBridgeRequest)
 TunnelCredentialsServiceDeleteBridgeRequest (empty)
C1ApiIamV1TunnelCredentialsServiceDeleteBridgeResponse (ContentType: string, StatusCode: int32, RawResponse: response ...)
 TunnelCredentialsServiceDeleteBridgeResponse (empty)
C1ApiIamV1TunnelCredentialsServiceGetBridgeRequest (id: string)
C1ApiIamV1TunnelCredentialsServiceGetBridgeResponse (ContentType: string, StatusCode: int32, RawResponse: response ...)
 TunnelCredentialsServiceGetBridgeResponse (bridge: TunnelBridge)
C1ApiIamV1TunnelCredentialsServiceUpdateBridgeRequest (id: string, TunnelCredentialsServiceUpdateBridgeRequest: TunnelCredentialsServiceUpdateBridgeRequest)
 TunnelCredentialsServiceUpdateBridgeRequest (description: string, displayName: string, updateMask: string)
C1ApiIamV1TunnelCredentialsServiceUpdateBridgeResponse (ContentType: string, StatusCode: int32, RawResponse: response ...)
 TunnelCredentialsServiceUpdateBridgeResponse (bridge: TunnelBridge)
C1ApiIamV1TunnelCredentialsServiceRevokeBridgeCredentialRequest (id: string, TunnelCredentialsServiceRevokeBridgeCredentialRequest: TunnelCredentialsServiceRevokeBridgeCredentialRequest)
 TunnelCredentialsServiceRevokeBridgeCredentialRequest (empty)
C1ApiIamV1TunnelCredentialsServiceRevokeBridgeCredentialResponse (ContentType: string, StatusCode: int32, RawResponse: response ...)
 TunnelCredentialsServiceRevokeBridgeCredentialResponse (empty)
GatewayKey (SDK empty)
C1ApiLlmGatewayV1GatewayKeyServiceListResponse (ContentType: string, StatusCode: int32, RawResponse: response ...)
 ListGatewayKeysResponse (list: array, nextPageToken: string)
   GatewayKey (createdAt: date-time, displayName: string, id: string ...)
MintGatewayKeyRequest (displayName: string)
C1ApiLlmGatewayV1GatewayKeyServiceMintResponse (ContentType: string, StatusCode: int32, RawResponse: response ...)
 MintGatewayKeyResponse (gatewayKey: GatewayKey, plaintextKey: string)
C1ApiLlmGatewayV1GatewayKeyServiceRevokeRequest (id: string, RevokeGatewayKeyRequest: RevokeGatewayKeyRequest)
 RevokeGatewayKeyRequest (empty)
C1ApiLlmGatewayV1GatewayKeyServiceRevokeResponse (ContentType: string, StatusCode: int32, RawResponse: response ...)
 RevokeGatewayKeyResponse (gatewayKey: GatewayKey)
ProviderCredential (SDK empty)
C1ApiLlmGatewayV1ProviderCredentialServiceClearRequest (slot_id: string, ClearProviderCredentialRequest: ClearProviderCredentialRequest)
 ClearProviderCredentialRequest (empty)
C1ApiLlmGatewayV1ProviderCredentialServiceClearResponse (ContentType: string, StatusCode: int32, RawResponse: response ...)
 ClearProviderCredentialResponse (credential: ProviderCredential)
  ProviderCredential (createdAt: date-time, displayName: string, headerStyle: enum ...)
   HeaderStyle (enum: PROVIDER_CREDENTIAL_HEADER_STYLE_UNSPECIFIED, PROVIDER_CREDENTIAL_HEADER_STYLE_X_API_KEY, PROVIDER_CREDENTIAL_HEADER_STYLE_AUTHORIZATION_BEARER)
C1ApiLlmGatewayV1ProviderCredentialServiceGetRequest (slot_id: string)
C1ApiLlmGatewayV1ProviderCredentialServiceGetResponse (ContentType: string, StatusCode: int32, RawResponse: response ...)
 GetProviderCredentialResponse (credential: ProviderCredential)
C1ApiLlmGatewayV1ProviderCredentialServiceSetRequest (slot_id: string, SetProviderCredentialRequest: SetProviderCredentialRequest)
 SetProviderCredentialRequest (apiKey: string, displayName: string, headerStyle: enum)
  SetProviderCredentialRequestHeaderStyle (enum: PROVIDER_CREDENTIAL_HEADER_STYLE_UNSPECIFIED, PROVIDER_CREDENTIAL_HEADER_STYLE_X_API_KEY, PROVIDER_CREDENTIAL_HEADER_STYLE_AUTHORIZATION_BEARER)
C1ApiLlmGatewayV1ProviderCredentialServiceSetResponse (ContentType: string, StatusCode: int32, RawResponse: response ...)
 SetProviderCredentialResponse (credential: ProviderCredential)
LocalDirectoryConfig (SDK empty)
C1ApiLocalDirectoryV1LocalDirectoryConfigServiceListRequest (page_size: int32, page_token: string)
C1ApiLocalDirectoryV1LocalDirectoryConfigServiceListResponse (ContentType: string, StatusCode: int32, RawResponse: response ...)
 LocalDirectoryConfigServiceListResponse (list: array, nextPageToken: string)
   LocalDirectoryConfig (allowSelfRegistration: boolean, appId: string, createdAt: date-time ...)
LocalDirectoryConfigServiceCreateRequest (allowSelfRegistration: boolean, appId: string, defaultProfileTypeId: string ...)
C1ApiLocalDirectoryV1LocalDirectoryConfigServiceCreateResponse (ContentType: string, StatusCode: int32, RawResponse: response ...)
 LocalDirectoryConfigServiceCreateResponse (localDirectoryConfig: LocalDirectoryConfig)
C1ApiLocalDirectoryV1LocalDirectoryConfigServiceDeleteRequest (app_id: string, LocalDirectoryConfigServiceDeleteRequest: LocalDirectoryConfigServiceDeleteRequest)
 LocalDirectoryConfigServiceDeleteRequest (empty)
C1ApiLocalDirectoryV1LocalDirectoryConfigServiceDeleteResponse (ContentType: string, StatusCode: int32, RawResponse: response ...)
 LocalDirectoryConfigServiceDeleteResponse (empty)
C1ApiLocalDirectoryV1LocalDirectoryConfigServiceGetRequest (app_id: string)
C1ApiLocalDirectoryV1LocalDirectoryConfigServiceGetResponse (ContentType: string, StatusCode: int32, RawResponse: response ...)
 LocalDirectoryConfigServiceGetResponse (localDirectoryConfig: LocalDirectoryConfig)
C1ApiLocalDirectoryV1LocalDirectoryConfigServiceUpdateRequest (app_id: string, LocalDirectoryConfigServiceUpdateRequest: LocalDirectoryConfigServiceUpdateRequest)
 LocalDirectoryConfigServiceUpdateRequest (localDirectoryConfig: LocalDirectoryConfig_input, updateMask: string)
  LocalDirectoryConfigInput (allowSelfRegistration: boolean, defaultProfileTypeId: string, displayName: string ...)
C1ApiLocalDirectoryV1LocalDirectoryConfigServiceUpdateResponse (ContentType: string, StatusCode: int32, RawResponse: response ...)
 LocalDirectoryConfigServiceUpdateResponse (localDirectoryConfig: LocalDirectoryConfig)
LocalUserInvitation (SDK empty)
C1ApiLocalDirectoryV1LocalUserInvitationServiceCreateRequest (directory_app_id: string, LocalUserInvitationServiceCreateRequest: LocalUserInvitationServiceCreateRequest)
 LocalUserInvitationServiceCreateRequest (displayName: string, email: string, initialRoleIds: array ...)
C1ApiLocalDirectoryV1LocalUserInvitationServiceCreateResponse (ContentType: string, StatusCode: int32, RawResponse: response ...)
 LocalUserInvitationServiceCreateResponse (invitation: LocalUserInvitation)
  LocalUserInvitation (acceptedAt: date-time, createdAt: date-time, createdUserId: string ...)
   LocalUserInvitationStatus (enum: LOCAL_INVITATION_STATUS_UNSPECIFIED, LOCAL_INVITATION_STATUS_PENDING, LOCAL_INVITATION_STATUS_ACCEPTED ...)
C1ApiLocalDirectoryV1LocalUserInvitationServiceGetRequest (directory_app_id: string, id: string)
C1ApiLocalDirectoryV1LocalUserInvitationServiceGetResponse (ContentType: string, StatusCode: int32, RawResponse: response ...)
 LocalUserInvitationServiceGetResponse (invitation: LocalUserInvitation)
C1ApiLocalDirectoryV1LocalUserInvitationServiceRevokeRequest (directory_app_id: string, id: string, LocalUserInvitationServiceRevokeRequest: LocalUserInvitationServiceRevokeRequest)
 LocalUserInvitationServiceRevokeRequest (empty)
C1ApiLocalDirectoryV1LocalUserInvitationServiceRevokeResponse (ContentType: string, StatusCode: int32, RawResponse: response ...)
 LocalUserInvitationServiceRevokeResponse (invitation: LocalUserInvitation)
LocalUserInvitationServiceSearchRequest (directoryAppId: string, pageSize: int32, pageToken: string ...)
 LocalUserInvitationServiceSearchRequestStatusFilter (enum: LOCAL_INVITATION_STATUS_UNSPECIFIED, LOCAL_INVITATION_STATUS_PENDING, LOCAL_INVITATION_STATUS_ACCEPTED ...)
C1ApiLocalDirectoryV1LocalUserInvitationServiceSearchResponse (ContentType: string, StatusCode: int32, RawResponse: response ...)
 LocalUserInvitationServiceSearchResponse (list: array, nextPageToken: string)
Policies (SDK empty)
C1ApiPolicyV1PoliciesListRequest (page_size: int32, page_token: string)
C1ApiPolicyV1PoliciesListResponse (ContentType: string, StatusCode: int32, RawResponse: response ...)
 ListPolicyResponse (list: array, nextPageToken: string)
   Policy (annotations: map, baselinePolicyId: string, createdAt: date-time ...)
     PolicySteps (steps: array)
       PolicyStep (accept: Accept, action: Action, approval: Approval ...)
        Accept (acceptMessage: string)
        Action (automation: ActionTargetAutomation, batonResourceAction: ActionTargetBatonResourceAction, clientIdApproval: ActionTargetClientIdApproval)
         ActionTargetAutomation (automationTemplateId: string)
         ActionTargetBatonResourceAction (batonResourceActionId: string)
         ActionTargetClientIdApproval (empty)
        Approval (agent: AgentApproval, allowDelegation: boolean, allowReassignment: boolean ...)
         AgentApproval (agentFailureAction: enum, agentMode: enum, agentUserId: string ...)
          AgentFailureAction (enum: APPROVAL_AGENT_FAILURE_ACTION_UNSPECIFIED, APPROVAL_AGENT_FAILURE_ACTION_REASSIGN_TO_USERS, APPROVAL_AGENT_FAILURE_ACTION_REASSIGN_TO_SUPER_ADMINS ...)
          AgentMode (enum: APPROVAL_AGENT_MODE_UNSPECIFIED, APPROVAL_AGENT_MODE_FULL_CONTROL, APPROVAL_AGENT_MODE_CHANGE_POLICY_ONLY ...)
         AppOwnerApproval (allowSelfApproval: boolean, requireDistinctApprovers: boolean)
         EntitlementOwnerApproval (allowSelfApproval: boolean, fallback: boolean, fallbackGroupIds: array ...)
           AppEntitlementReference (appEntitlementId: string, appId: string)
         Escalation (cancelTicket: CancelTicket, escalationComment: string, expiration: string ...)
          CancelTicket (empty)
          ReassignToApprovers (approverIds: array)
          ReplacePolicy (policyId: string)
          SkipStep (empty)
         ExpressionApproval (allowSelfApproval: boolean, assignedUserIds: array, expressions: array ...)
         AppGroupApproval (allowSelfApproval: boolean, appGroupId: string, appId: string ...)
         ManagerApproval (allowSelfApproval: boolean, assignedUserIds: array, fallback: boolean ...)
         ResourceOwnerApproval (allowSelfApproval: boolean, fallback: boolean, fallbackGroupIds: array ...)
         SelfApproval (assignedUserIds: array, fallback: boolean, fallbackGroupIds: array ...)
         UserApproval (allowSelfApproval: boolean, requireDistinctApprovers: boolean, userIds: array)
         WebhookApproval (webhookId: string)
        Provision (assigned: boolean, provisionPolicy: ProvisionPolicy, provisionTarget: ProvisionTarget)
         ProvisionTarget (appEntitlementId: string, appId: string, appUserId: string ...)
        Reject (rejectMessage: string)
        Wait (commentOnFirstWait: string, commentOnTimeout: string, condition: WaitCondition ...)
         WaitCondition (condition: string)
         WaitDuration (duration: string)
         WaitUntilTime (hours: integer, minutes: integer, timezone: string)
    PolicyType (enum: POLICY_TYPE_UNSPECIFIED, POLICY_TYPE_GRANT, POLICY_TYPE_REVOKE ...)
     PolicyPostActions (certifyRemediateImmediately: boolean)
     Rule (condition: string, policyId: string, policyKey: string ...)
    PolicyScope (appEntitlementId: string, appId: string, slot: enum)
     Slot (enum: POLICY_SCOPE_SLOT_UNSPECIFIED, POLICY_SCOPE_SLOT_EMERGENCY)
CreatePolicyRequest (annotations: map, baselinePolicyId: string, description: string ...)
  PolicyStepsInput (steps: array)
    PolicyStepInput (accept: Accept, action: Action, approval: Approval_input ...)
     ApprovalInput (agent: AgentApproval, allowDelegation: boolean, allowReassignment: boolean ...)
      ExpressionApprovalInput (allowSelfApproval: boolean, expressions: array, fallback: boolean ...)
      ManagerApprovalInput (allowSelfApproval: boolean, fallback: boolean, fallbackGroupIds: array ...)
      SelfApprovalInput (fallback: boolean, fallbackGroupIds: array, fallbackUserIds: array ...)
 CreatePolicyRequestPolicyType (enum: POLICY_TYPE_UNSPECIFIED, POLICY_TYPE_GRANT, POLICY_TYPE_REVOKE ...)
C1ApiPolicyV1PoliciesCreateResponse (ContentType: string, StatusCode: int32, RawResponse: response ...)
 CreatePolicyResponse (policy: Policy)
C1ApiPolicyV1PoliciesDeleteRequest (id: string, DeletePolicyRequest: DeletePolicyRequest)
 DeletePolicyRequest (empty)
C1ApiPolicyV1PoliciesDeleteResponse (ContentType: string, StatusCode: int32, RawResponse: response ...)
 DeletePolicyResponse (empty)
C1ApiPolicyV1PoliciesGetRequest (id: string)
C1ApiPolicyV1PoliciesGetResponse (ContentType: string, StatusCode: int32, RawResponse: response ...)
 GetPolicyResponse (policy: Policy)
C1ApiPolicyV1PoliciesUpdateRequest (id: string, UpdatePolicyRequest: UpdatePolicyRequest)
 UpdatePolicyRequest (policy: Policy_input, updateMask: string)
  PolicyInput (annotations: map, baselinePolicyId: string, description: string ...)
C1ApiPolicyV1PoliciesUpdateResponse (ContentType: string, StatusCode: int32, RawResponse: response ...)
 UpdatePolicyResponse (policy: Policy)
AccountProvisionPolicyTest (SDK empty)
TestAccountProvisionPolicyRequest (cel: string)
C1ApiPolicyV1AccountProvisionPolicyTestTestResponse (ContentType: string, StatusCode: int32, RawResponse: response ...)
 TestAccountProvisionPolicyResponse (type: string, value: string)
PolicyValidate (SDK empty)
PolicyEditorValidateRequest (text: string)
C1ApiPolicyV1PolicyValidateValidateCelResponse (ContentType: string, StatusCode: int32, RawResponse: response ...)
 PolicyEditorValidateResponse (markers: array)
RecoveryPolicy (SDK empty)
C1ApiCredentialInventoryV1RecoveryPolicyServiceListRequest (page_size: int32, page_token: string)
C1ApiCredentialInventoryV1RecoveryPolicyServiceListResponse (ContentType: string, StatusCode: int32, RawResponse: response ...)
 RecoveryPolicyServiceListResponse (list: array, nextPageToken: string)
   RecoveryPolicy (allowedRecoveryTypes: array, createdAt: date-time, deletedAt: date-time ...)
     AllowedRecoveryTypes (enum: CREDENTIAL_TYPE_UNSPECIFIED, CREDENTIAL_TYPE_PASSKEY, CREDENTIAL_TYPE_PASSWORD ...)
    MinRecoveryAuthLevel (enum: AUTH_LEVEL_UNSPECIFIED, AUTH_LEVEL_NONE, AUTH_LEVEL_SINGLE_FACTOR ...)
RecoveryPolicyServiceCreateRequest (allowedRecoveryTypes: array, displayName: string, minRecoveryAuthLevel: enum ...)
  RecoveryPolicyServiceCreateRequestAllowedRecoveryTypes (enum: CREDENTIAL_TYPE_UNSPECIFIED, CREDENTIAL_TYPE_PASSKEY, CREDENTIAL_TYPE_PASSWORD ...)
 RecoveryPolicyServiceCreateRequestMinRecoveryAuthLevel (enum: AUTH_LEVEL_UNSPECIFIED, AUTH_LEVEL_NONE, AUTH_LEVEL_SINGLE_FACTOR ...)
C1ApiCredentialInventoryV1RecoveryPolicyServiceCreateResponse (ContentType: string, StatusCode: int32, RawResponse: response ...)
 RecoveryPolicyServiceCreateResponse (recoveryPolicy: RecoveryPolicy)
C1ApiCredentialInventoryV1RecoveryPolicyServiceDeleteRequest (id: string, RecoveryPolicyServiceDeleteRequest: RecoveryPolicyServiceDeleteRequest)
 RecoveryPolicyServiceDeleteRequest (empty)
C1ApiCredentialInventoryV1RecoveryPolicyServiceDeleteResponse (ContentType: string, StatusCode: int32, RawResponse: response ...)
 RecoveryPolicyServiceDeleteResponse (empty)
C1ApiCredentialInventoryV1RecoveryPolicyServiceGetRequest (id: string)
C1ApiCredentialInventoryV1RecoveryPolicyServiceGetResponse (ContentType: string, StatusCode: int32, RawResponse: response ...)
 RecoveryPolicyServiceGetResponse (recoveryPolicy: RecoveryPolicy)
C1ApiCredentialInventoryV1RecoveryPolicyServiceUpdateRequest (id: string, RecoveryPolicyServiceUpdateRequest: RecoveryPolicyServiceUpdateRequest)
 RecoveryPolicyServiceUpdateRequest (recoveryPolicy: RecoveryPolicy_input, updateMask: string)
  RecoveryPolicyInput (allowedRecoveryTypes: array, displayName: string, minRecoveryAuthLevel: enum ...)
C1ApiCredentialInventoryV1RecoveryPolicyServiceUpdateResponse (ContentType: string, StatusCode: int32, RawResponse: response ...)
 RecoveryPolicyServiceUpdateResponse (recoveryPolicy: RecoveryPolicy)
RecoveryPolicyServiceSearchRequest (pageSize: int32, pageToken: string, query: string ...)
  RecoveryPolicyRef (id: string)
C1ApiCredentialInventoryV1RecoveryPolicyServiceSearchResponse (ContentType: string, StatusCode: int32, RawResponse: response ...)
 RecoveryPolicyServiceSearchResponse (list: array, nextPageToken: string)
Reporting (SDK empty)
C1ApiReportingV1ReportingServiceListRequest (page_size: int32, page_token: string)
C1ApiReportingV1ReportingServiceListResponse (ContentType: string, StatusCode: int32, RawResponse: response ...)
 ReportingServiceListResponse (list: array, nextPageToken: string)
   Report (createdAt: date-time, createdByUserId: string, deletedAt: date-time ...)
    ParameterSchema (empty)
    ParameterValues (empty)
    ProgramRef (commitId: string, functionId: string, plannedFromPrompt: string)
ReportingServiceSaveRequest (conversationId: string, displayName: string, prompt: string ...)
C1ApiReportingV1ReportingServiceSaveResponse (ContentType: string, StatusCode: int32, RawResponse: response ...)
 ReportingServiceSaveResponse (report: Report)
C1ApiReportingV1ReportingServiceDeleteRequest (id: string, ReportingServiceDeleteRequest: ReportingServiceDeleteRequest)
 ReportingServiceDeleteRequest (empty)
C1ApiReportingV1ReportingServiceDeleteResponse (ContentType: string, StatusCode: int32, RawResponse: response ...)
 ReportingServiceDeleteResponse (empty)
C1ApiReportingV1ReportingServiceGetRequest (id: string)
C1ApiReportingV1ReportingServiceGetResponse (ContentType: string, StatusCode: int32, RawResponse: response ...)
 ReportingServiceGetResponse (latestRun: ReportRun, latestSuccessfulRun: ReportRun, promptDrifted: boolean ...)
  ReportRun (artifactUrl: string, conversationId: string, createdAt: date-time ...)
   Lineage (empty)
   ReportRunParameterValues (empty)
    ReportSource (count: string, kind: string, label: string ...)
   ReportRunStatus (enum: REPORT_RUN_STATUS_UNSPECIFIED, REPORT_RUN_STATUS_PENDING, REPORT_RUN_STATUS_SUCCEEDED ...)
C1ApiReportingV1ReportingServiceUpdateRequest (id: string, ReportingServiceUpdateRequest: ReportingServiceUpdateRequest)
 ReportingServiceUpdateRequest (displayName: string, parameterValues: class, prompt: string)
  ReportingServiceUpdateRequestParameterValues (empty)
C1ApiReportingV1ReportingServiceUpdateResponse (ContentType: string, StatusCode: int32, RawResponse: response ...)
 ReportingServiceUpdateResponse (report: Report)
C1ApiReportingV1ReportingServiceRunRequest (id: string, ReportingServiceRunRequest: ReportingServiceRunRequest)
 ReportingServiceRunRequest (empty)
C1ApiReportingV1ReportingServiceRunResponse (ContentType: string, StatusCode: int32, RawResponse: response ...)
 ReportingServiceRunResponse (run: ReportRun)
C1ApiReportingV1ReportingServiceGetRunProvenanceRequest (id: string, run_id: string)
C1ApiReportingV1ReportingServiceGetRunProvenanceResponse (ContentType: string, StatusCode: int32, RawResponse: response ...)
 ReportingServiceGetRunProvenanceResponse (programCommitId: string, programFunctionId: string, programInput: string ...)
RequestSchema (SDK empty)
RequestSchemaServiceRemoveEntitlementBindingRequest (entitlementRef: AppEntitlementRef, requestSchemaId: string)
C1ApiRequestSchemaV1RequestSchemaServiceRemoveEntitlementBindingResponse (ContentType: string, StatusCode: int32, RawResponse: response ...)
 RequestSchemaServiceRemoveEntitlementBindingResponse (empty)
RequestSchemaServiceCreateEntitlementBindingRequest (entitlementRef: AppEntitlementRef, requestSchemaId: string)
C1ApiRequestSchemaV1RequestSchemaServiceCreateEntitlementBindingResponse (ContentType: string, StatusCode: int32, RawResponse: response ...)
 RequestSchemaServiceCreateEntitlementBindingResponse (entitlementRef: AppEntitlementRef, requestSchemaId: string)
RequestSchemaServiceFindBindingForAppEntitlementRequest (entitlementRef: AppEntitlementRef)
C1ApiRequestSchemaV1RequestSchemaServiceFindBindingForAppEntitlementResponse (ContentType: string, StatusCode: int32, RawResponse: response ...)
 RequestSchemaServiceFindBindingForAppEntitlementResponse (entitlementRef: AppEntitlementRef, requestSchemaId: string)
RequestSchemaServiceCreateRequest (description: string, fieldGroups: array, fieldRelationships: array ...)
 JustificationVisibility (enum: JUSTIFICATION_VISIBILITY_UNSPECIFIED, JUSTIFICATION_VISIBILITY_SHOW, JUSTIFICATION_VISIBILITY_HIDE)
C1ApiRequestSchemaV1RequestSchemaServiceCreateResponse (ContentType: string, StatusCode: int32, RawResponse: response ...)
 RequestSchemaServiceCreateResponse (requestSchema: RequestSchema)
  RequestSchema (createdAt: date-time, deletedAt: date-time, form: RequestSchemaForm ...)
   RequestSchemaJustificationVisibility (enum: JUSTIFICATION_VISIBILITY_UNSPECIFIED, JUSTIFICATION_VISIBILITY_SHOW, JUSTIFICATION_VISIBILITY_HIDE)
C1ApiRequestSchemaV1RequestSchemaServiceDeleteRequest (id: string, RequestSchemaServiceDeleteRequest: RequestSchemaServiceDeleteRequest)
 RequestSchemaServiceDeleteRequest (empty)
C1ApiRequestSchemaV1RequestSchemaServiceDeleteResponse (ContentType: string, StatusCode: int32, RawResponse: response ...)
 RequestSchemaServiceDeleteResponse (empty)
C1ApiRequestSchemaV1RequestSchemaServiceGetRequest (id: string)
C1ApiRequestSchemaV1RequestSchemaServiceGetResponse (ContentType: string, StatusCode: int32, RawResponse: response ...)
 RequestSchemaServiceGetResponse (requestSchema: RequestSchema)
C1ApiRequestSchemaV1RequestSchemaServiceUpdateRequest (id: string, RequestSchemaServiceUpdateRequest: RequestSchemaServiceUpdateRequest)
 RequestSchemaServiceUpdateRequest (requestSchema: RequestSchema, updateMask: string)
C1ApiRequestSchemaV1RequestSchemaServiceUpdateResponse (ContentType: string, StatusCode: int32, RawResponse: response ...)
 RequestSchemaServiceUpdateResponse (requestSchema: RequestSchema)
RoleMiningManagement (SDK empty)
CreateAccessProfileFromCohortRequest (celExpression: string, createTasks: boolean, description: string ...)
  CohortEntitlement (appDisplayName: string, appId: string, appResourceDisplayName: string ...)
  ProfileFilter (attribute: string, values: array)
C1ApiRoleMiningManagementV1RoleMiningManagementServiceCreateAccessProfileFromCohortResponse (ContentType: string, StatusCode: int32, RawResponse: response ...)
 CreateAccessProfileFromCohortResponse (accessProfileId: string, celExpression: string)
C1ApiRoleMiningManagementV1RoleMiningManagementServiceGetRoleMiningConfigResponse (ContentType: string, StatusCode: int32, RawResponse: response ...)
 GetRoleMiningConfigResponse (config: RoleMiningManagementConfig)
  RoleMiningManagementConfig (cohortHints: array, maxSuggestions: int32, minCohortSize: int32)
    CohortHintView (attribute: string, priority: int32, values: array)
UpdateRoleMiningConfigRequest (cohortHints: array, maxSuggestions: int32, minCohortSize: int32)
  CohortHintInput (attribute: string, priority: int32, values: array)
C1ApiRoleMiningManagementV1RoleMiningManagementServiceUpdateRoleMiningConfigResponse (ContentType: string, StatusCode: int32, RawResponse: response ...)
 UpdateRoleMiningConfigResponse (config: RoleMiningManagementConfig)
C1ApiRoleMiningManagementV1RoleMiningManagementServiceListCustomAnalysisResultsResponse (ContentType: string, StatusCode: int32, RawResponse: response ...)
 ListCustomAnalysisResultsResponse (list: array, nextPageToken: string)
   CustomAnalysisResultView (cohortSize: int32, completedAt: date-time, createdAt: date-time ...)
    CustomAnalysisResultViewStatus (enum: RUN_STATUS_UNSPECIFIED, RUN_STATUS_RUNNING, RUN_STATUS_COMPLETED ...)
C1ApiRoleMiningManagementV1RoleMiningManagementServiceGetCustomAnalysisResultRequest (id: string)
C1ApiRoleMiningManagementV1RoleMiningManagementServiceGetCustomAnalysisResultResponse (ContentType: string, StatusCode: int32, RawResponse: response ...)
 GetCustomAnalysisResultResponse (appsAnalyzed: int32, clusters: array, cohortSize: int32 ...)
   EntitlementCluster (avgCoverage: number, avgSimilarity: number, entitlements: array ...)
   AttributeFacet (attribute: string, displayName: string, values: array)
     RoleMiningAttributeValue (displayName: string, userCount: int32, value: string)
  GetCustomAnalysisResultResponseStatus (enum: RUN_STATUS_UNSPECIFIED, RUN_STATUS_RUNNING, RUN_STATUS_COMPLETED ...)
TriggerCustomAnalysisRequest (profileFilters: array)
C1ApiRoleMiningManagementV1RoleMiningManagementServiceTriggerCustomAnalysisResponse (ContentType: string, StatusCode: int32, RawResponse: response ...)
 TriggerCustomAnalysisResponse (id: string)
C1ApiRoleMiningManagementV1RoleMiningManagementServiceListRunsResponse (ContentType: string, StatusCode: int32, RawResponse: response ...)
 ListRunsResponse (list: array, nextPageToken: string)
   RoleMiningManagementRun (cohortsAnalyzed: int32, completedAt: date-time, createdAt: date-time ...)
    RoleMiningManagementRunStatus (enum: RUN_STATUS_UNSPECIFIED, RUN_STATUS_RUNNING, RUN_STATUS_COMPLETED ...)
    TriggerType (enum: TRIGGER_TYPE_UNSPECIFIED, TRIGGER_TYPE_MANUAL, TRIGGER_TYPE_UPLIFT_COMPLETION ...)
C1ApiRoleMiningManagementV1RoleMiningManagementServiceGetLatestRunResponse (ContentType: string, StatusCode: int32, RawResponse: response ...)
 GetLatestRunResponse (run: RoleMiningManagementRun)
C1ApiRoleMiningManagementV1RoleMiningManagementServiceListSuggestionsResponse (ContentType: string, StatusCode: int32, RawResponse: response ...)
 ListSuggestionsResponse (list: array, nextPageToken: string)
   RoleMiningManagementSuggestion (avgCoverage: number, cohortFilters: array, cohortSize: int32 ...)
     AccessProfileMatch (catalogDisplayName: string, catalogId: string, matchType: enum ...)
      MatchType (enum: ACCESS_PROFILE_MATCH_TYPE_UNSPECIFIED, ACCESS_PROFILE_MATCH_TYPE_EXACT, ACCESS_PROFILE_MATCH_TYPE_SUPERSET ...)
    SuggestionState (enum: SUGGESTION_STATE_UNSPECIFIED, SUGGESTION_STATE_NEW, SUGGESTION_STATE_DISMISSED ...)
C1ApiRoleMiningManagementV1RoleMiningManagementServiceGetSuggestionRequest (id: string)
C1ApiRoleMiningManagementV1RoleMiningManagementServiceGetSuggestionResponse (ContentType: string, StatusCode: int32, RawResponse: response ...)
 GetSuggestionResponse (suggestion: RoleMiningManagementSuggestion)
C1ApiRoleMiningManagementV1RoleMiningManagementServiceUpdateSuggestionStateRequest (id: string, UpdateSuggestionStateRequest: UpdateSuggestionStateRequest)
 UpdateSuggestionStateRequest (createdCatalogId: string, state: enum)
  UpdateSuggestionStateRequestState (enum: SUGGESTION_STATE_UNSPECIFIED, SUGGESTION_STATE_NEW, SUGGESTION_STATE_DISMISSED ...)
C1ApiRoleMiningManagementV1RoleMiningManagementServiceUpdateSuggestionStateResponse (ContentType: string, StatusCode: int32, RawResponse: response ...)
 UpdateSuggestionStateResponse (suggestion: RoleMiningManagementSuggestion)
C1ApiRoleMiningManagementV1RoleMiningManagementServiceSearchCohortUsersRequest (suggestion_id: string, SearchCohortUsersRequest: SearchCohortUsersRequest)
 SearchCohortUsersRequest (pageSize: int32, pageToken: string, profileFilters: array ...)
   EntitlementRef (appId: string, entitlementId: string)
C1ApiRoleMiningManagementV1RoleMiningManagementServiceSearchCohortUsersResponse (ContentType: string, StatusCode: int32, RawResponse: response ...)
 SearchCohortUsersResponse (list: array, nextPageToken: string, usersWithCoverage: array)
   CohortUserWithCoverage (coveredCount: int32, user: User)
TriggerAnalysisRequest (empty)
C1ApiRoleMiningManagementV1RoleMiningManagementServiceTriggerAnalysisResponse (ContentType: string, StatusCode: int32, RawResponse: response ...)
 TriggerAnalysisResponse (runId: string)
AutomationExecutionSearch (SDK empty)
SearchAllAutomationExecutionsRequest (appIds: array, automationTemplateIds: array, executionStates: array ...)
  ExecutionStates (enum: AUTOMATION_EXECUTION_STATE_UNSPECIFIED, AUTOMATION_EXECUTION_STATE_PENDING, AUTOMATION_EXECUTION_STATE_CREATING ...)
 AutomationExecutionExpandMask (paths: array)
C1ApiAutomationsV1AutomationExecutionSearchServiceSearchAllAutomationExecutionsResponse (ContentType: string, StatusCode: int32, RawResponse: response ...)
 SearchAllAutomationExecutionsResponse (expanded: array, list: array, nextPageToken: string)
   SearchAllAutomationExecutionsResponseExpanded (empty)
SearchAutomationExecutionsRequest (automationTemplateId: string, executionId: string, executionStepStates: array ...)
  ExecutionStepStates (enum: AUTOMATION_EXECUTION_STATE_UNSPECIFIED, AUTOMATION_EXECUTION_STATE_PENDING, AUTOMATION_EXECUTION_STATE_CREATING ...)
  AutomationExecutionRef (id: string)
C1ApiAutomationsV1AutomationExecutionSearchServiceSearchAutomationExecutionsResponse (ContentType: string, StatusCode: int32, RawResponse: response ...)
 SearchAutomationExecutionsResponse (expanded: array, list: array, nextPageToken: string)
   SearchAutomationExecutionsResponseExpanded (empty)
AppResourceSearch (SDK empty)
SearchAppResourceTypesRequest (appIds: array, appUserIds: array, displayName: string ...)
C1ApiAppV1AppResourceSearchSearchAppResourceTypesResponse (ContentType: string, StatusCode: int32, RawResponse: response ...)
 SearchAppResourceTypesResponse (list: array, nextPageToken: string)
SearchAppResourcesRequest (agentStatuses: array, appId: string, appIds: array ...)
  AgentStatuses (enum: AGENT_STATUS_UNSPECIFIED, AGENT_STATUS_READY, AGENT_STATUS_DISABLED ...)
  CredentialTypes (enum: CREDENTIAL_TYPE_UNSPECIFIED, CREDENTIAL_TYPE_STATIC_SECRET, CREDENTIAL_TYPE_ASYMMETRIC_KEY ...)
 Direction (enum: SORT_DIRECTION_UNSPECIFIED, SORT_DIRECTION_ASC, SORT_DIRECTION_DESC)
  SearchAppResourcesRequestNhiTypes (enum: NHI_TYPE_UNSPECIFIED, NHI_TYPE_APP_REGISTRATION, NHI_TYPE_ASSUMABLE_ROLE ...)
  AppResourceRef (appId: string, appResourceTypeId: string, id: string)
 SecretAgingFilter (lastUsedAfter: date-time, lastUsedBefore: date-time, secretCreatedAfter: date-time ...)
 SortField (enum: APP_RESOURCE_SORT_FIELD_UNSPECIFIED, APP_RESOURCE_SORT_FIELD_SECRET_CREATED_AT, APP_RESOURCE_SORT_FIELD_SECRET_EXPIRES_AT ...)
C1ApiAppV1AppResourceSearchSearchAppResourcesResponse (ContentType: string, StatusCode: int32, RawResponse: response ...)
 SearchAppResourcesResponse (expanded: array, list: array, nextPageToken: string)
   SearchAppResourcesResponseExpanded (empty)
AppSearch (SDK empty)
SearchAppsRequest (appIds: array, displayName: string, excludeAppIds: array ...)
C1ApiAppV1AppSearchSearchResponse (ContentType: string, StatusCode: int32, RawResponse: response ...)
 SearchAppsResponse (list: array, nextPageToken: string)
SearchUserOwnershipRequest (ownershipTypes: array, pageSize: int32, pageToken: string ...)
  OwnershipTypes (enum: USER_OWNERSHIP_TYPE_UNSPECIFIED, USER_OWNERSHIP_TYPE_APP, USER_OWNERSHIP_TYPE_RESOURCE ...)
C1ApiAppV1AppSearchSearchUserOwnershipResponse (ContentType: string, StatusCode: int32, RawResponse: response ...)
 SearchUserOwnershipResponse (list: array, nextPageToken: string)
   UserOwnershipEntry (appDisplayName: string, appId: string, entitlementDisplayName: string ...)
    OwnershipType (enum: USER_OWNERSHIP_TYPE_UNSPECIFIED, USER_OWNERSHIP_TYPE_APP, USER_OWNERSHIP_TYPE_RESOURCE ...)
AttributeSearch (SDK empty)
SearchAttributeValuesRequest (attributeTypeIds: array, excludeIds: array, ids: array ...)
C1ApiAttributeV1AttributeSearchSearchAttributeValuesResponse (ContentType: string, StatusCode: int32, RawResponse: response ...)
 SearchAttributeValuesResponse (list: array, nextPageToken: string)
AutomationSearch (SDK empty)
SearchAutomationTemplateVersionsRequest (automationTemplateId: string, pageSize: int32, pageToken: string)
C1ApiAutomationsV1AutomationSearchServiceSearchAutomationTemplateVersionsResponse (ContentType: string, StatusCode: int32, RawResponse: response ...)
 SearchAutomationTemplateVersionsResponse (list: array, nextPageToken: string)
   AutomationTemplateVersion (automationSteps: array, automationTemplateId: string, createdAt: date-time ...)
SearchAutomationsRequest (appId: string, appIds: array, direction: enum ...)
 SearchAutomationsRequestDirection (enum: SORT_DIRECTION_UNSPECIFIED, SORT_DIRECTION_ASC, SORT_DIRECTION_DESC)
 SearchAutomationsRequestSortField (enum: AUTOMATION_SORT_FIELD_UNSPECIFIED, AUTOMATION_SORT_FIELD_DISPLAY_NAME, AUTOMATION_SORT_FIELD_CREATED_AT ...)
  SearchAutomationsRequestStatuses (enum: AUTOMATION_STATUS_FILTER_UNSPECIFIED, AUTOMATION_STATUS_FILTER_ON, AUTOMATION_STATUS_FILTER_OFF)
  TriggerTypes (enum: TRIGGER_TYPE_UNSPECIFIED, TRIGGER_TYPE_USER_PROFILE_CHANGE, TRIGGER_TYPE_APP_USER_CREATE ...)
C1ApiAutomationsV1AutomationSearchServiceSearchAutomationsResponse (ContentType: string, StatusCode: int32, RawResponse: response ...)
 SearchAutomationsResponse (list: array, nextPageToken: string)
FindingAudit (SDK empty)
FindingAuditServiceSearchRequest (actorPrincipalId: string, actorSubject: string, appId: string ...)
  EventTypes (enum: FINDING_AUDIT_EVENT_TYPE_UNSPECIFIED, FINDING_AUDIT_EVENT_TYPE_CREATED, FINDING_AUDIT_EVENT_TYPE_STATE_CHANGED ...)
C1ApiFindingV1FindingAuditServiceSearchResponse (ContentType: string, StatusCode: int32, RawResponse: response ...)
 FindingAuditServiceSearchResponse (list: array, nextPageToken: string)
   FindingAuditEvent (actorPrincipalId: string, actorSubject: string, appId: string ...)
    FindingAuditEventEventType (enum: FINDING_AUDIT_EVENT_TYPE_UNSPECIFIED, FINDING_AUDIT_EVENT_TYPE_CREATED, FINDING_AUDIT_EVENT_TYPE_STATE_CHANGED ...)
    Ocsf (empty)
    SeverityAtEvent (enum: FINDING_SEVERITY_UNSPECIFIED, FINDING_SEVERITY_INFO, FINDING_SEVERITY_LOW ...)
    StateAtEvent (enum: FINDING_STATE_UNSPECIFIED, FINDING_STATE_OPEN, FINDING_STATE_IN_PROGRESS ...)
FunctionsSearch (SDK empty)
FunctionsSearchRequest (functionTypes: array, pageSize: int32, pageToken: string ...)
  FunctionTypes (enum: FUNCTION_TYPE_UNSPECIFIED, FUNCTION_TYPE_ANY, FUNCTION_TYPE_CODE_MODE)
C1ApiFunctionsV1FunctionsSearchSearchResponse (ContentType: string, StatusCode: int32, RawResponse: response ...)
 FunctionsSearchResponse (list: array, nextPageToken: string)
HooksSearch (SDK empty)
HooksSearchRequest (pageSize: int32, pageToken: string, query: string ...)
  HookRef (id: string)
C1ApiHooksV1HooksSearchSearchResponse (ContentType: string, StatusCode: int32, RawResponse: response ...)
 HooksSearchResponse (list: array, nextPageToken: string)
ExternalClientSearch (SDK empty)
ExternalClientSearchServiceSearchRequest (clientIdUrls: array, pageSize: int32, pageToken: string ...)
  WellKnownClients (enum: WELL_KNOWN_CLIENT_UNSPECIFIED, WELL_KNOWN_CLIENT_UNKNOWN, WELL_KNOWN_CLIENT_CLAUDE_AI ...)
C1ApiIamV1ExternalClientSearchServiceSearchResponse (ContentType: string, StatusCode: int32, RawResponse: response ...)
 ExternalClientSearchServiceSearchResponse (list: array, nextPageToken: string)
   ExternalClientInfo (clientId: string, clientIdType: enum, clientIdUrl: string ...)
    ClientIdType (enum: CLIENT_ID_TYPE_UNSPECIFIED, CLIENT_ID_TYPE_DCR, CLIENT_ID_TYPE_METADATA_URL ...)
    WellKnownClient (enum: WELL_KNOWN_CLIENT_UNSPECIFIED, WELL_KNOWN_CLIENT_UNKNOWN, WELL_KNOWN_CLIENT_CLAUDE_AI ...)
PersonalClientSearch (SDK empty)
PersonalClientSearchServiceSearchRequest (pageSize: int32, pageToken: string, query: string ...)
C1ApiIamV1PersonalClientSearchServiceSearchResponse (ContentType: string, StatusCode: int32, RawResponse: response ...)
 PersonalClientSearchServiceSearchResponse (list: array, nextPageToken: string)
PolicySearch (SDK empty)
SearchPoliciesRequest (displayName: string, excludePolicyIds: array, includeDeleted: boolean ...)
  PolicyTypes (enum: POLICY_TYPE_UNSPECIFIED, POLICY_TYPE_GRANT, POLICY_TYPE_REVOKE ...)
 ScopeObjectType (enum: POLICY_SCOPE_OBJECT_TYPE_UNSPECIFIED, POLICY_SCOPE_OBJECT_TYPE_APP, POLICY_SCOPE_OBJECT_TYPE_ENTITLEMENT)
 ScopeSlot (enum: POLICY_SCOPE_SLOT_UNSPECIFIED, POLICY_SCOPE_SLOT_EMERGENCY)
 ScopeView (enum: POLICY_SCOPE_VIEW_UNSPECIFIED, POLICY_SCOPE_VIEW_GLOBAL, POLICY_SCOPE_VIEW_SCOPED ...)
C1ApiPolicyV1PolicySearchSearchResponse (ContentType: string, StatusCode: int32, RawResponse: response ...)
 SearchPoliciesResponse (list: array, nextPageToken: string)
RequestCatalogSearch (SDK empty)
RequestCatalogSearchServiceSearchEntitlementsRequest (appDisplayName: string, entitlementAlias: string, grantedStatus: enum ...)
 GrantedStatus (enum: UNSPECIFIED, ALL, GRANTED ...)
C1ApiRequestcatalogV1RequestCatalogSearchServiceSearchEntitlementsResponse (ContentType: string, StatusCode: int32, RawResponse: response ...)
 RequestCatalogSearchServiceSearchEntitlementsResponse (expanded: array, list: array, nextPageToken: string)
   RequestCatalogSearchServiceSearchEntitlementsResponseExpanded (empty)
   AppEntitlementWithUserBindings (appEntitlementUserBindings: array, entitlement: AppEntitlementView)
RoleMiningManagementSearch (SDK empty)
RoleMiningSearchSuggestionsRequest (cohortTypes: array, matchTypes: array, pageSize: int32 ...)
  MatchTypes (enum: ACCESS_PROFILE_MATCH_TYPE_UNSPECIFIED, ACCESS_PROFILE_MATCH_TYPE_EXACT, ACCESS_PROFILE_MATCH_TYPE_SUPERSET ...)
  RoleMiningSearchSuggestionsRequestStates (enum: SUGGESTION_STATE_UNSPECIFIED, SUGGESTION_STATE_NEW, SUGGESTION_STATE_DISMISSED ...)
C1ApiRoleMiningManagementV1RoleMiningManagementSearchServiceSearchResponse (ContentType: string, StatusCode: int32, RawResponse: response ...)
 RoleMiningSearchSuggestionsResponse (list: array, nextPageToken: string)
PaperSecretAdmin (SDK empty)
PaperSecretAdminServiceSearchRequest (createdAfter: date-time, createdBefore: date-time, creatorUserIds: array ...)
 SecretType (enum: SECRET_TYPE_UNSPECIFIED, SECRET_TYPE_TEXT, SECRET_TYPE_FILE)
 SharingMode (enum: PAPER_VAULT_SHARING_MODE_UNSPECIFIED, PAPER_VAULT_SHARING_MODE_INTERNAL, PAPER_VAULT_SHARING_MODE_EXTERNAL)
 PaperSecretAdminServiceSearchRequestSortBy (enum: SEARCH_SORT_BY_UNSPECIFIED, SEARCH_SORT_BY_CREATED_DESC, SEARCH_SORT_BY_CREATED_ASC ...)
  PaperSecretAdminServiceSearchRequestStatuses (enum: SECRET_STATUS_UNSPECIFIED, SECRET_STATUS_ACTIVE, SECRET_STATUS_EXPIRED ...)
C1ApiSecretsV1PaperSecretAdminServiceSearchResponse (ContentType: string, StatusCode: int32, RawResponse: response ...)
 PaperSecretAdminServiceSearchResponse (list: array, nextPageToken: string)
   PaperSecret (ageSuite: enum, allowedEmails: array, allowedUserIds: array ...)
    AgeSuite (enum: AGE_SUITE_UNSPECIFIED, AGE_SUITE_X25519, AGE_SUITE_MLKEM768X25519)
    InputFormat (enum: SECRET_INPUT_FORMAT_UNSPECIFIED, SECRET_INPUT_FORMAT_PLAINTEXT, SECRET_INPUT_FORMAT_JSON ...)
    PaperSecretSecretType (enum: SECRET_TYPE_UNSPECIFIED, SECRET_TYPE_TEXT, SECRET_TYPE_FILE)
    PaperSecretSharingMode (enum: PAPER_VAULT_SHARING_MODE_UNSPECIFIED, PAPER_VAULT_SHARING_MODE_INTERNAL, PAPER_VAULT_SHARING_MODE_EXTERNAL)
    PaperSecretStatus (enum: SECRET_STATUS_UNSPECIFIED, SECRET_STATUS_ACTIVE, SECRET_STATUS_EXPIRED ...)
PaperSecretAdminServiceSearchAuditEventsRequest (actorEmail: string, actorUserId: string, clientIp: string ...)
C1ApiSecretsV1PaperSecretAdminServiceSearchAuditEventsResponse (ContentType: string, StatusCode: int32, RawResponse: response ...)
 PaperSecretAdminServiceSearchAuditEventsResponse (list: array, nextPageToken: string)
   List (empty)
C1ApiSecretsV1PaperSecretAdminServiceRevokeRequest (vault_id: string, PaperSecretAdminServiceRevokeRequest: PaperSecretAdminServiceRevokeRequest)
 PaperSecretAdminServiceRevokeRequest (empty)
C1ApiSecretsV1PaperSecretAdminServiceRevokeResponse (ContentType: string, StatusCode: int32, RawResponse: response ...)
 PaperSecretAdminServiceRevokeResponse (secret: PaperSecret)
C1ApiSecretsV1PaperSecretAdminServiceGetRequest (vault_id: string)
C1ApiSecretsV1PaperSecretAdminServiceGetResponse (ContentType: string, StatusCode: int32, RawResponse: response ...)
 PaperSecretAdminServiceGetResponse (secret: PaperSecret)
PaperSecret (SDK empty)
PaperSecretServiceSearchAuditEventsRequest (pageSize: int32, pageToken: string, vaultId: string)
C1ApiSecretsV1PaperSecretServiceSearchAuditEventsResponse (ContentType: string, StatusCode: int32, RawResponse: response ...)
 PaperSecretServiceSearchAuditEventsResponse (list: array, nextPageToken: string)
   PaperSecretServiceSearchAuditEventsResponseList (empty)
PaperSecretServiceSearchMySecretsRequest (pageSize: int32, pageToken: string, query: string ...)
 PaperSecretServiceSearchMySecretsRequestSecretType (enum: SECRET_TYPE_UNSPECIFIED, SECRET_TYPE_TEXT, SECRET_TYPE_FILE)
 PaperSecretServiceSearchMySecretsRequestSharingMode (enum: PAPER_VAULT_SHARING_MODE_UNSPECIFIED, PAPER_VAULT_SHARING_MODE_INTERNAL, PAPER_VAULT_SHARING_MODE_EXTERNAL)
 PaperSecretServiceSearchMySecretsRequestSortBy (enum: SEARCH_SORT_BY_UNSPECIFIED, SEARCH_SORT_BY_CREATED_DESC, SEARCH_SORT_BY_CREATED_ASC ...)
  PaperSecretServiceSearchMySecretsRequestStatuses (enum: SECRET_STATUS_UNSPECIFIED, SECRET_STATUS_ACTIVE, SECRET_STATUS_EXPIRED ...)
C1ApiSecretsV1PaperSecretServiceSearchMySecretsResponse (ContentType: string, StatusCode: int32, RawResponse: response ...)
 PaperSecretServiceSearchResponse (list: array, nextPageToken: string)
C1ApiSecretsV1PaperSecretServiceRevokeRequest (vault_id: string, PaperSecretServiceRevokeRequest: PaperSecretServiceRevokeRequest)
 PaperSecretServiceRevokeRequest (empty)
C1ApiSecretsV1PaperSecretServiceRevokeResponse (ContentType: string, StatusCode: int32, RawResponse: response ...)
 PaperSecretServiceRevokeResponse (secret: PaperSecret)
C1ApiSecretsV1PaperSecretServiceGetRequest (vault_id: string)
C1ApiSecretsV1PaperSecretServiceGetResponse (ContentType: string, StatusCode: int32, RawResponse: response ...)
 PaperSecretServiceGetResponse (secret: PaperSecret)
C1ApiSecretsV1PaperSecretServiceSetTextContentRequest (vault_id: string, PaperSecretServiceSetTextContentRequest: PaperSecretServiceSetTextContentRequest)
 PaperSecretServiceSetTextContentRequest (encryptedContent: string, inputFormat: enum)
  PaperSecretServiceSetTextContentRequestInputFormat (enum: SECRET_INPUT_FORMAT_UNSPECIFIED, SECRET_INPUT_FORMAT_PLAINTEXT, SECRET_INPUT_FORMAT_JSON ...)
C1ApiSecretsV1PaperSecretServiceSetTextContentResponse (ContentType: string, StatusCode: int32, RawResponse: response ...)
 PaperSecretServiceSetTextContentResponse (secret: PaperSecret)
C1ApiSecretsV1PaperSecretServiceGetContentRequest (vault_id: string, PaperSecretServiceGetContentRequest: PaperSecretServiceGetContentRequest)
 PaperSecretServiceGetContentRequest (readerRecipient: string)
C1ApiSecretsV1PaperSecretServiceGetContentResponse (ContentType: string, StatusCode: int32, RawResponse: response ...)
 PaperSecretServiceGetContentResponse (createdAt: date-time, creatorUserId: string, downloadUrl: string ...)
  PaperSecretServiceGetContentResponseInputFormat (enum: SECRET_INPUT_FORMAT_UNSPECIFIED, SECRET_INPUT_FORMAT_PLAINTEXT, SECRET_INPUT_FORMAT_JSON ...)
  PaperSecretServiceGetContentResponseSecretType (enum: SECRET_TYPE_UNSPECIFIED, SECRET_TYPE_TEXT, SECRET_TYPE_FILE)
C1ApiSecretsV1PaperSecretServiceGetByShareCodeRequest (share_code: string)
C1ApiSecretsV1PaperSecretServiceGetByShareCodeResponse (ContentType: string, StatusCode: int32, RawResponse: response ...)
PaperSecretServiceCreateExternalRequest (allowedEmails: array, contentType: string, displayName: string ...)
 PaperSecretServiceCreateExternalRequestInputFormat (enum: SECRET_INPUT_FORMAT_UNSPECIFIED, SECRET_INPUT_FORMAT_PLAINTEXT, SECRET_INPUT_FORMAT_JSON ...)
 RequiredAgeSuite (enum: AGE_SUITE_UNSPECIFIED, AGE_SUITE_X25519, AGE_SUITE_MLKEM768X25519)
 PaperSecretServiceCreateExternalRequestSecretType (enum: SECRET_TYPE_UNSPECIFIED, SECRET_TYPE_TEXT, SECRET_TYPE_FILE)
C1ApiSecretsV1PaperSecretServiceCreateExternalResponse (ContentType: string, StatusCode: int32, RawResponse: response ...)
 PaperSecretServiceCreateResponse (ageRecipient: string, ageSuite: enum, secret: PaperSecret ...)
  PaperSecretServiceCreateResponseAgeSuite (enum: AGE_SUITE_UNSPECIFIED, AGE_SUITE_X25519, AGE_SUITE_MLKEM768X25519)
PaperSecretServiceCreateInternalRequest (allowedUserIds: array, contentType: string, displayName: string ...)
 PaperSecretServiceCreateInternalRequestInputFormat (enum: SECRET_INPUT_FORMAT_UNSPECIFIED, SECRET_INPUT_FORMAT_PLAINTEXT, SECRET_INPUT_FORMAT_JSON ...)
 PaperSecretServiceCreateInternalRequestRequiredAgeSuite (enum: AGE_SUITE_UNSPECIFIED, AGE_SUITE_X25519, AGE_SUITE_MLKEM768X25519)
 PaperSecretServiceCreateInternalRequestSecretType (enum: SECRET_TYPE_UNSPECIFIED, SECRET_TYPE_TEXT, SECRET_TYPE_FILE)
C1ApiSecretsV1PaperSecretServiceCreateInternalResponse (ContentType: string, StatusCode: int32, RawResponse: response ...)
SessionPolicy (SDK empty)
SessionPolicyServiceSearchRequest (pageSize: int32, pageToken: string, query: string ...)
  SessionPolicyRef (id: string)
C1ApiSessionPolicyV1SessionPolicyServiceSearchResponse (ContentType: string, StatusCode: int32, RawResponse: response ...)
 SessionPolicyServiceSearchResponse (list: array, nextPageToken: string)
   SessionPolicy (accessTokenTtlSeconds: int32, continuousDefaultOutcome: SessionPolicyPolicyOutcome, continuousRules: array ...)
    SessionPolicyPolicyOutcome (allow: SessionPolicyAllow, challengeRequired: SessionPolicyChallengeRequired, deny: SessionPolicyDeny ...)
     SessionPolicyAllow (floorLevel: enum)
      FloorLevel (enum: AUTH_LEVEL_UNSPECIFIED, AUTH_LEVEL_NONE, AUTH_LEVEL_SINGLE_FACTOR ...)
     SessionPolicyChallengeRequired (types: array)
       Types (enum: CREDENTIAL_TYPE_UNSPECIFIED, CREDENTIAL_TYPE_PASSKEY, CREDENTIAL_TYPE_PASSWORD ...)
     SessionPolicyDeny (reasonAdmin: string, reasonUser: string)
     SessionPolicyEnrollmentRequired (credentialTypes: array)
       SessionPolicyEnrollmentRequiredCredentialTypes (enum: CREDENTIAL_TYPE_UNSPECIFIED, CREDENTIAL_TYPE_PASSKEY, CREDENTIAL_TYPE_PASSWORD ...)
     SessionPolicyStepUpRequired (level: enum, maxAgeSeconds: int32, types: array)
      Level (enum: AUTH_LEVEL_UNSPECIFIED, AUTH_LEVEL_NONE, AUTH_LEVEL_SINGLE_FACTOR ...)
       SessionPolicyStepUpRequiredTypes (enum: CREDENTIAL_TYPE_UNSPECIFIED, CREDENTIAL_TYPE_PASSKEY, CREDENTIAL_TYPE_PASSWORD ...)
     SessionPolicyPolicyRule (description: string, id: string, matchCel: string ...)
      SessionPolicyPolicyRuleMode (enum: POLICY_RULE_MODE_UNSPECIFIED, POLICY_RULE_MODE_ENFORCE, POLICY_RULE_MODE_OBSERVE ...)
     PerCredentialDuration (accessTokenTtlSeconds: int32, credentialType: enum, maxSessionDurationSeconds: int32)
      CredentialType (enum: CREDENTIAL_TYPE_UNSPECIFIED, CREDENTIAL_TYPE_PASSKEY, CREDENTIAL_TYPE_PASSWORD ...)
    Persistence (enum: PERSISTENCE_MODE_UNSPECIFIED, PERSISTENCE_MODE_ALLOW_USER_CHOICE, PERSISTENCE_MODE_ALWAYS_PERSIST ...)
    SsfReceiverConfig (enabled: boolean, ssfReceiverStreamIds: array)
    SsfTransmitterConfig (enabled: boolean, eventTypes: array, ssfTransmitterStreamIds: array)
C1ApiSessionPolicyV1SessionPolicyServiceListRequest (page_size: int32, page_token: string)
C1ApiSessionPolicyV1SessionPolicyServiceListResponse (ContentType: string, StatusCode: int32, RawResponse: response ...)
 SessionPolicyServiceListResponse (list: array, nextPageToken: string)
SessionPolicyServiceCreateRequest (accessTokenTtlSeconds: int32, continuousDefaultOutcome: SessionPolicyPolicyOutcome, continuousRules: array ...)
 SessionPolicyServiceCreateRequestPersistence (enum: PERSISTENCE_MODE_UNSPECIFIED, PERSISTENCE_MODE_ALLOW_USER_CHOICE, PERSISTENCE_MODE_ALWAYS_PERSIST ...)
C1ApiSessionPolicyV1SessionPolicyServiceCreateResponse (ContentType: string, StatusCode: int32, RawResponse: response ...)
 SessionPolicyServiceCreateResponse (sessionPolicy: SessionPolicy)
C1ApiSessionPolicyV1SessionPolicyServiceDeleteRequest (id: string, SessionPolicyServiceDeleteRequest: SessionPolicyServiceDeleteRequest)
 SessionPolicyServiceDeleteRequest (empty)
C1ApiSessionPolicyV1SessionPolicyServiceDeleteResponse (ContentType: string, StatusCode: int32, RawResponse: response ...)
 SessionPolicyServiceDeleteResponse (empty)
C1ApiSessionPolicyV1SessionPolicyServiceGetRequest (id: string)
C1ApiSessionPolicyV1SessionPolicyServiceGetResponse (ContentType: string, StatusCode: int32, RawResponse: response ...)
 SessionPolicyServiceGetResponse (sessionPolicy: SessionPolicy)
C1ApiSessionPolicyV1SessionPolicyServiceUpdateRequest (id: string, SessionPolicyServiceUpdateRequest: SessionPolicyServiceUpdateRequest)
 SessionPolicyServiceUpdateRequest (sessionPolicy: SessionPolicy_input, updateMask: string)
  SessionPolicyInput (accessTokenTtlSeconds: int32, continuousDefaultOutcome: SessionPolicyPolicyOutcome, continuousRules: array ...)
C1ApiSessionPolicyV1SessionPolicyServiceUpdateResponse (ContentType: string, StatusCode: int32, RawResponse: response ...)
 SessionPolicyServiceUpdateResponse (sessionPolicy: SessionPolicy)
C1ApiSessionPolicyV1SessionPolicyServiceListAssignmentsRequest (id: string, page_size: int32, page_token: string)
C1ApiSessionPolicyV1SessionPolicyServiceListAssignmentsResponse (ContentType: string, StatusCode: int32, RawResponse: response ...)
 SessionPolicyServiceListAssignmentsResponse (assignments: array, nextPageToken: string)
   Assignment (source: enum, userId: string)
    AssignmentSource (enum: ASSIGNMENT_SOURCE_UNSPECIFIED, ASSIGNMENT_SOURCE_DIRECT, ASSIGNMENT_SOURCE_GROUP)
C1ApiSessionPolicyV1SessionPolicyServiceAssignGroupRequest (id: string, SessionPolicyServiceAssignGroupRequest: SessionPolicyServiceAssignGroupRequest)
 SessionPolicyServiceAssignGroupRequest (groupAppEntitlementId: string)
C1ApiSessionPolicyV1SessionPolicyServiceAssignGroupResponse (ContentType: string, StatusCode: int32, RawResponse: response ...)
 SessionPolicyServiceAssignGroupResponse (empty)
C1ApiSessionPolicyV1SessionPolicyServiceUnassignGroupRequest (id: string, group_app_entitlement_id: string, SessionPolicyServiceUnassignGroupRequest: SessionPolicyServiceUnassignGroupRequest)
 SessionPolicyServiceUnassignGroupRequest (empty)
C1ApiSessionPolicyV1SessionPolicyServiceUnassignGroupResponse (ContentType: string, StatusCode: int32, RawResponse: response ...)
 SessionPolicyServiceUnassignGroupResponse (empty)
C1ApiSessionPolicyV1SessionPolicyServiceAssignUserRequest (id: string, SessionPolicyServiceAssignUserRequest: SessionPolicyServiceAssignUserRequest)
 SessionPolicyServiceAssignUserRequest (userId: string)
C1ApiSessionPolicyV1SessionPolicyServiceAssignUserResponse (ContentType: string, StatusCode: int32, RawResponse: response ...)
 SessionPolicyServiceAssignUserResponse (empty)
C1ApiSessionPolicyV1SessionPolicyServiceUnassignUserRequest (id: string, user_id: string, SessionPolicyServiceUnassignUserRequest: SessionPolicyServiceUnassignUserRequest)
 SessionPolicyServiceUnassignUserRequest (empty)
C1ApiSessionPolicyV1SessionPolicyServiceUnassignUserResponse (ContentType: string, StatusCode: int32, RawResponse: response ...)
 SessionPolicyServiceUnassignUserResponse (empty)
SignInPolicy (SDK empty)
SignInPolicyServiceSearchRequest (pageSize: int32, pageToken: string, query: string ...)
  SignInPolicyRef (id: string)
C1ApiSignInPolicyV1SignInPolicyServiceSearchResponse (ContentType: string, StatusCode: int32, RawResponse: response ...)
 SignInPolicyServiceSearchResponse (list: array, nextPageToken: string)
   SignInPolicy (allowedMfaTypes: array, allowedPrimaryTypes: array, createdAt: date-time ...)
     AllowedMfaTypes (enum: CREDENTIAL_TYPE_UNSPECIFIED, CREDENTIAL_TYPE_PASSKEY, CREDENTIAL_TYPE_PASSWORD ...)
     AllowedPrimaryTypes (enum: CREDENTIAL_TYPE_UNSPECIFIED, CREDENTIAL_TYPE_PASSKEY, CREDENTIAL_TYPE_PASSWORD ...)
    PolicyOutcome (allow: Allow, challengeRequired: ChallengeRequired, deny: Deny ...)
     Allow (floorLevel: enum)
      AllowFloorLevel (enum: AUTH_LEVEL_UNSPECIFIED, AUTH_LEVEL_NONE, AUTH_LEVEL_SINGLE_FACTOR ...)
     ChallengeRequired (types: array)
       ChallengeRequiredTypes (enum: CREDENTIAL_TYPE_UNSPECIFIED, CREDENTIAL_TYPE_PASSKEY, CREDENTIAL_TYPE_PASSWORD ...)
     Deny (reasonAdmin: string, reasonUser: string)
     EnrollmentRequired (credentialTypes: array)
       EnrollmentRequiredCredentialTypes (enum: CREDENTIAL_TYPE_UNSPECIFIED, CREDENTIAL_TYPE_PASSKEY, CREDENTIAL_TYPE_PASSWORD ...)
     StepUpRequired (level: enum, maxAgeSeconds: int32, types: array)
      StepUpRequiredLevel (enum: AUTH_LEVEL_UNSPECIFIED, AUTH_LEVEL_NONE, AUTH_LEVEL_SINGLE_FACTOR ...)
       StepUpRequiredTypes (enum: CREDENTIAL_TYPE_UNSPECIFIED, CREDENTIAL_TYPE_PASSKEY, CREDENTIAL_TYPE_PASSWORD ...)
     PolicyRule (description: string, id: string, matchCel: string ...)
      PolicyRuleMode (enum: POLICY_RULE_MODE_UNSPECIFIED, POLICY_RULE_MODE_ENFORCE, POLICY_RULE_MODE_OBSERVE ...)
C1ApiSignInPolicyV1SignInPolicyServiceListRequest (page_size: int32, page_token: string)
C1ApiSignInPolicyV1SignInPolicyServiceListResponse (ContentType: string, StatusCode: int32, RawResponse: response ...)
 SignInPolicyServiceListResponse (list: array, nextPageToken: string)
SignInPolicyServiceCreateRequest (allowedMfaTypes: array, allowedPrimaryTypes: array, defaultOutcome: PolicyOutcome ...)
  SignInPolicyServiceCreateRequestAllowedMfaTypes (enum: CREDENTIAL_TYPE_UNSPECIFIED, CREDENTIAL_TYPE_PASSKEY, CREDENTIAL_TYPE_PASSWORD ...)
  SignInPolicyServiceCreateRequestAllowedPrimaryTypes (enum: CREDENTIAL_TYPE_UNSPECIFIED, CREDENTIAL_TYPE_PASSKEY, CREDENTIAL_TYPE_PASSWORD ...)
C1ApiSignInPolicyV1SignInPolicyServiceCreateResponse (ContentType: string, StatusCode: int32, RawResponse: response ...)
 SignInPolicyServiceCreateResponse (signInPolicy: SignInPolicy)
C1ApiSignInPolicyV1SignInPolicyServiceDeleteRequest (id: string, SignInPolicyServiceDeleteRequest: SignInPolicyServiceDeleteRequest)
 SignInPolicyServiceDeleteRequest (empty)
C1ApiSignInPolicyV1SignInPolicyServiceDeleteResponse (ContentType: string, StatusCode: int32, RawResponse: response ...)
 SignInPolicyServiceDeleteResponse (empty)
C1ApiSignInPolicyV1SignInPolicyServiceGetRequest (id: string)
C1ApiSignInPolicyV1SignInPolicyServiceGetResponse (ContentType: string, StatusCode: int32, RawResponse: response ...)
 SignInPolicyServiceGetResponse (signInPolicy: SignInPolicy)
C1ApiSignInPolicyV1SignInPolicyServiceUpdateRequest (id: string, SignInPolicyServiceUpdateRequest: SignInPolicyServiceUpdateRequest)
 SignInPolicyServiceUpdateRequest (signInPolicy: SignInPolicy_input, updateMask: string)
  SignInPolicyInput (allowedMfaTypes: array, allowedPrimaryTypes: array, defaultOutcome: PolicyOutcome ...)
C1ApiSignInPolicyV1SignInPolicyServiceUpdateResponse (ContentType: string, StatusCode: int32, RawResponse: response ...)
 SignInPolicyServiceUpdateResponse (signInPolicy: SignInPolicy)
SsfReceiverEventSearch (SDK empty)
SsfReceiverEventSearchServiceSearchRequest (eventType: string, matchedUserId: string, outcome: enum ...)
 Outcome (enum: SSF_EVENT_OUTCOME_UNSPECIFIED, SSF_EVENT_OUTCOME_SESSIONS_REVOKED, SSF_EVENT_OUTCOME_LOGGED ...)
C1ApiSsfReceiverV1SsfReceiverEventSearchServiceSearchResponse (ContentType: string, StatusCode: int32, RawResponse: response ...)
 SsfReceiverEventSearchServiceSearchResponse (list: array, nextPageToken: string)
   SsfReceiverEvent (canonicalType: enum, id: string, matchMethod: enum ...)
    CanonicalType (enum: SSF_CANONICAL_EVENT_TYPE_UNSPECIFIED, SSF_CANONICAL_EVENT_TYPE_UNRECOGNIZED, SSF_CANONICAL_EVENT_TYPE_SESSION_REVOKED ...)
    MatchMethod (enum: SSF_SUBJECT_MATCH_METHOD_UNSPECIFIED, SSF_SUBJECT_MATCH_METHOD_IDP_USER, SSF_SUBJECT_MATCH_METHOD_EMAIL ...)
    SsfReceiverEventOutcome (enum: SSF_EVENT_OUTCOME_UNSPECIFIED, SSF_EVENT_OUTCOME_SESSIONS_REVOKED, SSF_EVENT_OUTCOME_LOGGED ...)
StepUpProvider (SDK empty)
SearchStepUpProvidersRequest (pageSize: int32, pageToken: string, providerType: enum ...)
 SearchStepUpProvidersRequestProviderType (enum: PROVIDER_TYPE_UNSPECIFIED, PROVIDER_TYPE_OAUTH2, PROVIDER_TYPE_MICROSOFT)
  StepUpProviderRef (id: string)
C1ApiStepupV1StepUpProviderServiceSearchResponse (ContentType: string, StatusCode: int32, RawResponse: response ...)
 SearchStepUpProvidersResponse (list: array, nextPageToken: string)
   StepUpProvider (clientId: string, createdAt: date-time, displayName: string ...)
    StepUpMicrosoftSettings (conditionalAccessIds: array, tenant: string, validationMode: enum)
     ValidationMode (enum: MICROSOFT_VALIDATION_MODE_UNSPECIFIED, MICROSOFT_VALIDATION_MODE_ACRS, MICROSOFT_VALIDATION_MODE_OIDC)
    StepUpOAuth2Settings (acrValues: array)
C1ApiStepupV1StepUpProviderServiceListResponse (ContentType: string, StatusCode: int32, RawResponse: response ...)
 ListStepUpProvidersResponse (list: array, nextPageToken: string)
CreateStepUpProviderRequest (clientId: string, clientSecret: string, displayName: string ...)
C1ApiStepupV1StepUpProviderServiceCreateResponse (ContentType: string, StatusCode: int32, RawResponse: response ...)
 CreateStepUpProviderResponse (stepUpProvider: StepUpProvider)
C1ApiStepupV1StepUpProviderServiceDeleteRequest (id: string, DeleteStepUpProviderRequest: DeleteStepUpProviderRequest)
 DeleteStepUpProviderRequest (empty)
C1ApiStepupV1StepUpProviderServiceDeleteResponse (ContentType: string, StatusCode: int32, RawResponse: response ...)
 DeleteStepUpProviderResponse (empty)
C1ApiStepupV1StepUpProviderServiceGetRequest (id: string)
C1ApiStepupV1StepUpProviderServiceGetResponse (ContentType: string, StatusCode: int32, RawResponse: response ...)
 GetStepUpProviderResponse (stepUpProvider: StepUpProvider)
C1ApiStepupV1StepUpProviderServiceUpdateRequest (id: string, UpdateStepUpProviderRequest: UpdateStepUpProviderRequest)
 UpdateStepUpProviderRequest (stepUpProvider: StepUpProvider_input, updateMask: string)
  StepUpProviderInput (clientId: string, displayName: string, enabled: boolean ...)
C1ApiStepupV1StepUpProviderServiceUpdateResponse (ContentType: string, StatusCode: int32, RawResponse: response ...)
 UpdateStepUpProviderResponse (stepUpProvider: StepUpProvider)
C1ApiStepupV1StepUpProviderServiceUpdateSecretRequest (id: string, UpdateStepUpProviderSecretRequest: UpdateStepUpProviderSecretRequest)
 UpdateStepUpProviderSecretRequest (clientSecret: string)
C1ApiStepupV1StepUpProviderServiceUpdateSecretResponse (ContentType: string, StatusCode: int32, RawResponse: response ...)
 UpdateStepUpProviderSecretResponse (stepUpProvider: StepUpProvider)
C1ApiStepupV1StepUpProviderServiceTestRequest (id: string, TestStepUpProviderRequest: TestStepUpProviderRequest)
 TestStepUpProviderRequest (empty)
C1ApiStepupV1StepUpProviderServiceTestResponse (ContentType: string, StatusCode: int32, RawResponse: response ...)
 TestStepUpProviderResponse (redirectUrl: string)
StepUpTransaction (SDK empty)
SearchStepUpTransactionsRequest (createdAfter: date-time, createdBefore: date-time, pageSize: int32 ...)
 SearchStepUpTransactionsRequestState (enum: STEP_UP_TRANSACTION_STATE_UNSPECIFIED, STEP_UP_TRANSACTION_STATE_PENDING, STEP_UP_TRANSACTION_STATE_VERIFIED ...)
 TargetType (enum: TARGET_TYPE_UNSPECIFIED, TARGET_TYPE_TICKET, TARGET_TYPE_TEST)
C1ApiStepupV1StepUpTransactionServiceSearchResponse (ContentType: string, StatusCode: int32, RawResponse: response ...)
 SearchStepUpTransactionsResponse (list: array, nextPageToken: string)
   StepUpTransaction (approveTask: TargetTask, claims: class, createdAt: date-time ...)
    TargetTask (policyStepId: string, taskId: string)
    Claims (empty)
    StepUpTransactionState (enum: STEP_UP_TRANSACTION_STATE_UNSPECIFIED, STEP_UP_TRANSACTION_STATE_PENDING, STEP_UP_TRANSACTION_STATE_VERIFIED ...)
    TargetTest (empty)
C1ApiStepupV1StepUpTransactionServiceGetRequest (id: string)
C1ApiStepupV1StepUpTransactionServiceGetResponse (ContentType: string, StatusCode: int32, RawResponse: response ...)
 GetStepUpTransactionResponse (transaction: StepUpTransaction)
ExportsSearch (SDK empty)
ExportsSearchServiceSearchRequest (displayName: string, pageSize: int32, pageToken: string ...)
  ExporterRef (exportId: string)
C1ApiSystemlogV1ExportsSearchServiceSearchResponse (ContentType: string, StatusCode: int32, RawResponse: response ...)
 ExportsSearchServiceSearchResponse (list: array, nextPageToken: string)
   Exporter (createdAt: date-time, datasource: ExportToDatasource, deletedAt: date-time ...)
    ExportToDatasource (datasourceId: string, format: enum, prefix: string)
     ExportToDatasourceFormat (enum: EXPORT_FORMAT_UNSPECIFIED, EXPORT_FORMAT_OCSF_JSON_ZSTD, EXPORT_FORMAT_OCSF_JSON_GZIP)
    ExporterState (enum: EXPORT_STATE_UNSPECIFIED, EXPORT_STATE_EXPORTING, EXPORT_STATE_WAITING ...)
TaskSearch (SDK empty)
TaskSearchRequest (accessReviewIds: array, accountOwnerIds: array, accountStatuses: array ...)
  AccountStatuses (enum: STATUS_UNSPECIFIED, STATUS_ENABLED, STATUS_DISABLED ...)
  TaskSearchRequestAccountTypes (enum: APP_USER_TYPE_UNSPECIFIED, APP_USER_TYPE_USER, APP_USER_TYPE_SERVICE_ACCOUNT ...)
  CertifyOutcomes (enum: CERTIFY_OUTCOME_UNSPECIFIED, CERTIFY_OUTCOME_CERTIFIED, CERTIFY_OUTCOME_DECERTIFIED ...)
 CurrentStep (enum: TASK_SEARCH_CURRENT_STEP_UNSPECIFIED, TASK_SEARCH_CURRENT_STEP_APPROVAL, TASK_SEARCH_CURRENT_STEP_PROVISION)
 EmergencyStatus (enum: UNSPECIFIED, ALL, NON_EMERGENCY ...)
  GrantOutcomes (enum: GRANT_OUTCOME_UNSPECIFIED, GRANT_OUTCOME_GRANTED, GRANT_OUTCOME_DENIED ...)
 PendingActionFilter (enum: PENDING_ACTION_FILTER_UNSPECIFIED, PENDING_ACTION_FILTER_WITH_PENDING, PENDING_ACTION_FILTER_WITHOUT_PENDING)
  TaskRef (id: string)
  RevokeOutcomes (enum: REVOKE_OUTCOME_UNSPECIFIED, REVOKE_OUTCOME_REVOKED, REVOKE_OUTCOME_DENIED ...)
 TaskSearchRequestSortBy (enum: TASK_SEARCH_SORT_BY_UNSPECIFIED, TASK_SEARCH_SORT_BY_ACCOUNT, TASK_SEARCH_SORT_BY_RESOURCE ...)
  StepApprovalTypes (enum: STEP_APPROVAL_TYPE_UNSPECIFIED, STEP_APPROVAL_TYPE_USERS, STEP_APPROVAL_TYPE_MANAGER ...)
  TaskStates (enum: TASK_STATE_UNSPECIFIED, TASK_STATE_OPEN, TASK_STATE_CLOSED)
  TaskTypeInput (action: TaskTypeAction_input, certify: TaskTypeCertify_input, finding: TaskTypeFinding_input ...)
   TaskTypeActionInput (actionInstance: TaskActionInstance_input, finding: FindingTarget_input, scopeRole: ScopeRole_input ...)
    TaskActionInstanceInput (batonResourceActionRef: BatonResourceActionRef_input, connectorActionRef: ConnectorActionRef_input)
     BatonResourceActionRefInput (empty)
     ConnectorActionRefInput (empty)
    FindingTargetInput (empty)
    ScopeRoleInput (empty)
    GatedToolCallTargetInput (empty)
   TaskTypeCertifyInput (resource: AppResourceRef)
   TaskTypeFindingInput (empty)
   TaskTypeGrantInput (source: TaskGrantSource)
    TaskGrantSource (conversationId: string, externalUrl: string, integrationId: string ...)
   TaskTypeOffboardingInput (empty)
   TaskTypeRevokeInput (resource: AppResourceRef, source: TaskRevokeSource)
    TaskRevokeSource (expired: TaskRevokeSourceExpired, nonUsage: TaskRevokeSourceNonUsage, request: TaskRevokeSourceRequest ...)
     TaskRevokeSourceExpired (expiredAt: date-time)
     TaskRevokeSourceNonUsage (expiresAt: date-time, lastLogin: date-time)
     TaskRevokeSourceRequest (requestUserId: string)
     TaskRevokeSourceReview (accessReviewId: string, certTicketId: string)
C1ApiTaskV1TaskSearchServiceSearchResponse (ContentType: string, StatusCode: int32, RawResponse: response ...)
 TaskSearchResponse (expanded: array, list: array, nextPageToken: string)
   TaskSearchResponseExpanded (empty)
   TaskView (accessReviewPath: string, appPath: string, appUserLastUsagePath: string ...)
    UserActorObjectPermissions (delete: boolean, edit: boolean, extra: map ...)
    Task (actions: array, analysisId: string, annotations: array ...)
      Actions (enum: TASK_ACTION_TYPE_UNSPECIFIED, TASK_ACTION_TYPE_CLOSE, TASK_ACTION_TYPE_APPROVE ...)
      Annotations (empty)
     Data (empty)
      ExternalRef (externalRefSource: enum, name: string, url: string)
       ExternalRefSource (enum: UNSPECIFIED, JIRA)
     TaskOrigin (enum: TASK_ORIGIN_UNSPECIFIED, TASK_ORIGIN_PROFILE_MEMBERSHIP_AUTOMATION, TASK_ORIGIN_SLACK ...)
     PolicyInstance (current: PolicyStepInstance, history: array, next: array ...)
      PolicyStepInstance (accept: AcceptInstance, action: ActionInstance, approval: ApprovalInstance ...)
       AcceptInstance (acceptMessage: string)
       ActionInstance (action: Action, automation: ActionTargetAutomationInstance, batonResourceActionInstance: ActionTargetBatonResourceActionInstance ...)
        ActionTargetAutomationInstance (automationExecutionId: string)
        ActionTargetBatonResourceActionInstance (batonActionInvocationId: string)
        ActionOutcomeCancelled (outcomeTime: date-time)
        ActionTargetClientIdApprovalInstance (clientIdUrl: string)
        ActionOutcomeDenied (outcomeTime: date-time)
        ActionOutcomeError (errorCode: string, errorMessage: string, outcomeTime: date-time)
        ActionInstanceState (enum: ACTION_INSTANCE_STATE_UNSPECIFIED, ACTION_INSTANCE_STATE_INIT, ACTION_INSTANCE_STATE_RUNNING ...)
        ActionOutcomeSuccess (outcomeTime: date-time)
       ApprovalInstance (approval: Approval, approved: ApprovedAction, assignedAt: date-time ...)
        ApprovedAction (approvedAt: date-time, entitlements: array, stepUpTransactionId: string ...)
        DeniedAction (deniedAt: date-time, userId: string)
        EscalationInstance (alreadyEscalated: boolean, cancelTicket: EscalationInstanceCancelTicket, escalationComment: string ...)
         EscalationInstanceCancelTicket (empty)
         EscalationInstanceReassignToApprovers (approverIds: array)
         EscalationInstanceReplacePolicy (policyId: string)
         EscalationInstanceSkipStep (empty)
        ReassignedAction (newPolicyStepId: string, reassignedAt: date-time, userId: string)
        ReassignedByErrorAction (description: string, errorCode: string, errorUserId: string ...)
        RestartAction (oldPolicyStepId: string, restartedAt: date-time, userId: string)
        SkippedAction (newPolicyStepId: string, skippedAt: date-time, userId: string)
        ApprovalInstanceState (enum: APPROVAL_INSTANCE_STATE_UNSPECIFIED, APPROVAL_INSTANCE_STATE_INIT, APPROVAL_INSTANCE_STATE_SENDING_NOTIFICATIONS ...)
       FormInstance (completed: FormCompletedAction, data: class, form: RequestSchemaForm ...)
        FormCompletedAction (completedAt: date-time, userId: string)
        FormInstanceData (empty)
        FormInstanceState (enum: FORM_INSTANCE_STATE_UNSPECIFIED, FORM_INSTANCE_STATE_WAITING, FORM_INSTANCE_STATE_DONE)
       ProvisionInstance (batonActionInvocationId: string, cancelled: CancelledAction, completed: CompletedAction ...)
        CancelledAction (cancelledAt: date-time, cancelledByUserId: string)
        CompletedAction (completedAt: date-time, entitlements: array, userId: string)
        ErroredAction (description: string, errorCode: string, erroredAt: date-time)
        ProvisionInstanceState (enum: PROVISION_INSTANCE_STATE_UNSPECIFIED, PROVISION_INSTANCE_STATE_INIT, PROVISION_INSTANCE_STATE_CREATE_CONNECTOR_ACTIONS_FOR_TARGET ...)
        ProvisionWaitingOn (devicePlacement: WaitingForDevicePlacement, entitlementMerge: WaitingForEntitlementMerge, fallbackAt: date-time ...)
         WaitingForDevicePlacement (recipientUserId: string, vaultBoundaryId: string)
         WaitingForEntitlementMerge (appEntitlementId: string, appId: string)
       RejectInstance (rejectMessage: string)
       PolicyStepInstanceState (enum: POLICY_STEP_STATE_UNSPECIFIED, POLICY_STEP_STATE_ACTIVE, POLICY_STEP_STATE_DONE)
       WaitInstance (commentOnFirstWait: string, commentOnTimeout: string, condition: WaitConditionInstance ...)
        WaitConditionInstance (condition: string)
        WaitInstanceState (enum: WAIT_INSTANCE_STATE_UNSPECIFIED, WAIT_INSTANCE_STATE_WAITING, WAIT_INSTANCE_STATE_COMPLETED ...)
        ConditionSucceeded (succeededAt: date-time)
        ConditionTimedOut (timedOutAt: date-time)
        WaitUntilTimeInstance (durationIfExists: string, untilTime: date-time)
     Processing (enum: TASK_PROCESSING_TYPE_UNSPECIFIED, TASK_PROCESSING_TYPE_PROCESSING, TASK_PROCESSING_TYPE_WAITING ...)
     Recommendation (enum: INSIGHT_RECOMMENDATION_UNSPECIFIED, INSIGHT_RECOMMENDATION_APPROVE, INSIGHT_RECOMMENDATION_DENY ...)
      TaskRevocationTarget (entitlementRef: AppEntitlementRef)
     TaskState (enum: TASK_STATE_UNSPECIFIED, TASK_STATE_OPEN, TASK_STATE_CLOSED)
     TaskType (action: TaskTypeAction, certify: TaskTypeCertify, finding: TaskTypeFinding ...)
      TaskTypeAction (actionId: string, actionInstance: TaskActionInstance, createdAppEntitlementIds: array ...)
       TaskActionInstance (batonResourceActionRef: BatonResourceActionRef, connectorActionRef: ConnectorActionRef, displayName: string)
        BatonResourceActionRef (appId: string, batonActionDisplayName: string, batonActionName: string ...)
        ConnectorActionRef (appId: string, connectorId: string, operation: enum)
         ConnectorActionRefOperation (enum: OPERATION_UNSPECIFIED, OPERATION_GRANT)
       FindingTarget (findingId: string, findingType: string)
       FormValues (empty)
       TaskTypeActionOutcome (enum: ACTION_OUTCOME_UNSPECIFIED, ACTION_OUTCOME_SUCCESS, ACTION_OUTCOME_DENIED ...)
       ScopeRole (appId: string, grantDuration: string, roleResourceId: string ...)
       GatedToolCallTarget (appEntitlementId: string, appId: string, callerKind: string ...)
        ToolInput (empty)
        ToolOutput (union)
         3 (empty)
       TaskTypeActionType (enum: TYPE_UNSPECIFIED, TYPE_GRANT, TYPE_WORKFLOW ...)
      TaskTypeCertify (accessReviewId: string, accessReviewSelection: string, appEntitlementId: string ...)
       TaskTypeCertifyOutcome (enum: CERTIFY_OUTCOME_UNSPECIFIED, CERTIFY_OUTCOME_CERTIFIED, CERTIFY_OUTCOME_DECERTIFIED ...)
      TaskTypeFinding (findingId: string, findingType: string, outcome: enum ...)
       TaskTypeFindingOutcome (enum: FINDING_TASK_OUTCOME_UNSPECIFIED, FINDING_TASK_OUTCOME_REMEDIATED, FINDING_TASK_OUTCOME_RISK_ACCEPTED ...)
      TaskTypeGrant (appEntitlementId: string, appId: string, appUserId: string ...)
       TaskTypeGrantOutcome (enum: GRANT_OUTCOME_UNSPECIFIED, GRANT_OUTCOME_GRANTED, GRANT_OUTCOME_DENIED ...)
      TaskTypeOffboarding (outcome: enum, outcomeTime: date-time, subjectUserId: string)
       TaskTypeOffboardingOutcome (enum: OFFBOARDING_OUTCOME_UNSPECIFIED, OFFBOARDING_OUTCOME_IN_PROGRESS, OFFBOARDING_OUTCOME_DONE ...)
      TaskTypeRevoke (appEntitlementId: string, appId: string, appUserId: string ...)
       TaskTypeRevokeOutcome (enum: REVOKE_OUTCOME_UNSPECIFIED, REVOKE_OUTCOME_REVOKED, REVOKE_OUTCOME_DENIED ...)
UserSearch (SDK empty)
SearchUsersRequest (delegateStatus: enum, delegatedUserIds: array, departments: array ...)
 DelegateStatus (enum: DELEGATE_STATUS_UNSPECIFIED, DELEGATE_STATUS_HAS_DELEGATE, DELEGATE_STATUS_NO_DELEGATE)
  ExcludeOrigins (enum: USER_ORIGIN_UNSPECIFIED, USER_ORIGIN_DIRECTORY, USER_ORIGIN_LOCAL ...)
  ExcludeTypes (enum: USER_TYPE_UNSPECIFIED, USER_TYPE_SYSTEM, USER_TYPE_HUMAN ...)
  Origins (enum: USER_ORIGIN_UNSPECIFIED, USER_ORIGIN_DIRECTORY, USER_ORIGIN_LOCAL ...)
  SearchUsersRequestUserStatuses (enum: UNKNOWN, ENABLED, DISABLED ...)
C1ApiUserV1UserSearchSearchResponse (ContentType: string, StatusCode: int32, RawResponse: response ...)
 SearchUsersResponse (expanded: array, list: array, nextPageToken: string)
   SearchUsersResponseExpanded (empty)
   UserView (delegatedUserPath: string, directoriesPath: string, managersPath: string ...)
WebhooksSearch (SDK empty)
WebhooksSearchRequest (pageSize: int32, pageToken: string, query: string ...)
  WebhookRef (id: string)
C1ApiWebhooksV1WebhooksSearchSearchResponse (ContentType: string, StatusCode: int32, RawResponse: response ...)
 WebhooksSearchResponse (list: array, nextPageToken: string)
   WebhookEndpoint (callbackTimeout: string, createdAt: date-time, deletedAt: date-time ...)
WorkloadFederation (SDK empty)
WorkloadFederationServiceSearchTrustsRequest (pageSize: int32, pageToken: string, providerId: string ...)
C1ApiWorkloadFederationV1WorkloadFederationServiceSearchTrustsResponse (ContentType: string, StatusCode: int32, RawResponse: response ...)
 WorkloadFederationServiceSearchTrustsResponse (list: array, nextPageToken: string)
   WorkloadFederationTrust (allowSourceCidrs: array, clientId: string, conditionExpression: string ...)
C1ApiWorkloadFederationV1WorkloadFederationServiceListTrustsRequest (service_principal_id: string)
C1ApiWorkloadFederationV1WorkloadFederationServiceListTrustsResponse (ContentType: string, StatusCode: int32, RawResponse: response ...)
 WorkloadFederationServiceListTrustsResponse (list: array, nextPageToken: string)
C1ApiWorkloadFederationV1WorkloadFederationServiceCreateTrustRequest (service_principal_id: string, WorkloadFederationServiceCreateTrustRequest: WorkloadFederationServiceCreateTrustRequest)
 WorkloadFederationServiceCreateTrustRequest (allowSourceCidrs: array, conditionExpression: string, description: string ...)
C1ApiWorkloadFederationV1WorkloadFederationServiceCreateTrustResponse (ContentType: string, StatusCode: int32, RawResponse: response ...)
 WorkloadFederationServiceCreateTrustResponse (trust: WorkloadFederationTrust)
C1ApiWorkloadFederationV1WorkloadFederationServiceDeleteTrustRequest (service_principal_id: string, client_id: string, WorkloadFederationServiceDeleteTrustRequest: WorkloadFederationServiceDeleteTrustRequest)
 WorkloadFederationServiceDeleteTrustRequest (empty)
C1ApiWorkloadFederationV1WorkloadFederationServiceDeleteTrustResponse (ContentType: string, StatusCode: int32, RawResponse: response ...)
 WorkloadFederationServiceDeleteTrustResponse (empty)
C1ApiWorkloadFederationV1WorkloadFederationServiceGetTrustRequest (service_principal_id: string, client_id: string)
C1ApiWorkloadFederationV1WorkloadFederationServiceGetTrustResponse (ContentType: string, StatusCode: int32, RawResponse: response ...)
 WorkloadFederationServiceGetTrustResponse (trust: WorkloadFederationTrust)
C1ApiWorkloadFederationV1WorkloadFederationServiceUpdateTrustRequest (service_principal_id: string, client_id: string, WorkloadFederationServiceUpdateTrustRequest: WorkloadFederationServiceUpdateTrustRequest)
 WorkloadFederationServiceUpdateTrustRequest (trust: WorkloadFederationTrust_input, updateMask: string)
  WorkloadFederationTrustInput (allowSourceCidrs: array, conditionExpression: string, description: string ...)
C1ApiWorkloadFederationV1WorkloadFederationServiceUpdateTrustResponse (ContentType: string, StatusCode: int32, RawResponse: response ...)
 WorkloadFederationServiceUpdateTrustResponse (trust: WorkloadFederationTrust)
C1ApiWorkloadFederationV1WorkloadFederationServiceTestTokenRequest (service_principal_id: string, client_id: string, WorkloadFederationServiceTestTokenRequest: WorkloadFederationServiceTestTokenRequest)
 WorkloadFederationServiceTestTokenRequest (sourceIp: string, subjectToken: string)
C1ApiWorkloadFederationV1WorkloadFederationServiceTestTokenResponse (ContentType: string, StatusCode: int32, RawResponse: response ...)
 WorkloadFederationServiceTestTokenResponse (audienceValidation: TestTokenStepResult, celEvaluation: TestTokenStepResult, cidrCheck: TestTokenStepResult ...)
  TestTokenStepResult (actual: string, detail: string, expected: string ...)
C1ApiWorkloadFederationV1WorkloadFederationServiceListProvidersResponse (ContentType: string, StatusCode: int32, RawResponse: response ...)
 WorkloadFederationServiceListProvidersResponse (list: array, nextPageToken: string)
   WorkloadFederationProvider (createdAt: date-time, description: string, disabled: boolean ...)
    OidcSettings (empty)
    SpiffeSettings (bundleEndpointUrl: string)
    WellKnownProvider (enum: WELL_KNOWN_WORKLOAD_PROVIDER_UNSPECIFIED, WELL_KNOWN_WORKLOAD_PROVIDER_CUSTOM, WELL_KNOWN_WORKLOAD_PROVIDER_GITHUB_ACTIONS ...)
WorkloadFederationServiceCreateProviderRequest (description: string, displayName: string, issuerUrl: string ...)
 WorkloadFederationServiceCreateProviderRequestWellKnownProvider (enum: WELL_KNOWN_WORKLOAD_PROVIDER_UNSPECIFIED, WELL_KNOWN_WORKLOAD_PROVIDER_CUSTOM, WELL_KNOWN_WORKLOAD_PROVIDER_GITHUB_ACTIONS ...)
C1ApiWorkloadFederationV1WorkloadFederationServiceCreateProviderResponse (ContentType: string, StatusCode: int32, RawResponse: response ...)
 WorkloadFederationServiceCreateProviderResponse (provider: WorkloadFederationProvider)
C1ApiWorkloadFederationV1WorkloadFederationServiceDeleteProviderRequest (id: string, WorkloadFederationServiceDeleteProviderRequest: WorkloadFederationServiceDeleteProviderRequest)
 WorkloadFederationServiceDeleteProviderRequest (empty)
C1ApiWorkloadFederationV1WorkloadFederationServiceDeleteProviderResponse (ContentType: string, StatusCode: int32, RawResponse: response ...)
 WorkloadFederationServiceDeleteProviderResponse (empty)
C1ApiWorkloadFederationV1WorkloadFederationServiceGetProviderRequest (id: string)
C1ApiWorkloadFederationV1WorkloadFederationServiceGetProviderResponse (ContentType: string, StatusCode: int32, RawResponse: response ...)
 WorkloadFederationServiceGetProviderResponse (provider: WorkloadFederationProvider)
C1ApiWorkloadFederationV1WorkloadFederationServiceUpdateProviderRequest (id: string, WorkloadFederationServiceUpdateProviderRequest: WorkloadFederationServiceUpdateProviderRequest)
 WorkloadFederationServiceUpdateProviderRequest (provider: WorkloadFederationProvider_input, updateMask: string)
  WorkloadFederationProviderInput (description: string, disabled: boolean, displayName: string ...)
C1ApiWorkloadFederationV1WorkloadFederationServiceUpdateProviderResponse (ContentType: string, StatusCode: int32, RawResponse: response ...)
 WorkloadFederationServiceUpdateProviderResponse (provider: WorkloadFederationProvider)
WorkloadFederationServiceTestCelRequest (claimsJson: string, expression: string)
C1ApiWorkloadFederationV1WorkloadFederationServiceTestCelResponse (ContentType: string, StatusCode: int32, RawResponse: response ...)
 WorkloadFederationServiceTestCelResponse (error: string, expression: string, matched: boolean)
XaaClientAudienceMapping (SDK empty)
XaaClientAudienceMappingServiceSearchRequest (disabled: boolean, pageSize: int32, pageToken: string ...)
  XaaClientAudienceMappingRef (clientKey: string, xaaResourceServerId: string)
C1ApiCrossAppAccessV1XaaClientAudienceMappingServiceSearchResponse (ContentType: string, StatusCode: int32, RawResponse: response ...)
 XaaClientAudienceMappingServiceSearchResponse (list: array, nextPageToken: string)
   XaaClientAudienceMapping (audienceClientId: string, clientKey: string, createdAt: date-time ...)
C1ApiCrossAppAccessV1XaaClientAudienceMappingServiceUpdateRequest (client_audience_mapping_xaa_resource_server_id: string, XAAClientAudienceMappingServiceUpdateRequest: XAAClientAudienceMappingServiceUpdateRequest)
 XaaClientAudienceMappingServiceUpdateRequest (clientAudienceMapping: XAAClientAudienceMapping, updateMask: string)
C1ApiCrossAppAccessV1XaaClientAudienceMappingServiceUpdateResponse (ContentType: string, StatusCode: int32, RawResponse: response ...)
 XaaClientAudienceMappingServiceUpdateResponse (clientAudienceMapping: XAAClientAudienceMapping)
C1ApiCrossAppAccessV1XaaClientAudienceMappingServiceListRequest (xaa_resource_server_id: string, page_size: int32, page_token: string)
C1ApiCrossAppAccessV1XaaClientAudienceMappingServiceListResponse (ContentType: string, StatusCode: int32, RawResponse: response ...)
 XaaClientAudienceMappingServiceListResponse (clientAudienceMappings: array, nextPageToken: string)
C1ApiCrossAppAccessV1XaaClientAudienceMappingServiceCreateRequest (xaa_resource_server_id: string, XAAClientAudienceMappingServiceCreateRequest: XAAClientAudienceMappingServiceCreateRequest)
 XaaClientAudienceMappingServiceCreateRequest (audienceClientId: string, clientKey: string, disabled: boolean)
C1ApiCrossAppAccessV1XaaClientAudienceMappingServiceCreateResponse (ContentType: string, StatusCode: int32, RawResponse: response ...)
 XaaClientAudienceMappingServiceCreateResponse (clientAudienceMapping: XAAClientAudienceMapping)
C1ApiCrossAppAccessV1XaaClientAudienceMappingServiceGetRequest (xaa_resource_server_id: string, client_key: string)
C1ApiCrossAppAccessV1XaaClientAudienceMappingServiceGetResponse (ContentType: string, StatusCode: int32, RawResponse: response ...)
 XaaClientAudienceMappingServiceGetResponse (clientAudienceMapping: XAAClientAudienceMapping)
C1ApiCrossAppAccessV1XaaClientAudienceMappingServiceDeleteRequest (xaa_resource_server_id: string, XAAClientAudienceMappingServiceDeleteRequest: XAAClientAudienceMappingServiceDeleteRequest)
 XaaClientAudienceMappingServiceDeleteRequest (clientKey: string)
C1ApiCrossAppAccessV1XaaClientAudienceMappingServiceDeleteResponse (ContentType: string, StatusCode: int32, RawResponse: response ...)
 XaaClientAudienceMappingServiceDeleteResponse (empty)
C1ApiCrossAppAccessV1XaaClientAudienceMappingServiceListHistoryRequest (xaa_resource_server_id: string, client_key: string, page_size: int32 ...)
C1ApiCrossAppAccessV1XaaClientAudienceMappingServiceListHistoryResponse (ContentType: string, StatusCode: int32, RawResponse: response ...)
 XaaClientAudienceMappingServiceListHistoryResponse (list: array, nextPageToken: string)
   XaaClientAudienceMappingHistoryEntry (metadata: HistoryEntryMetadata, snapshot: XAAClientAudienceMapping)
Principal (SDK empty)
C1ApiServicePrincipalV1ServicePrincipalServiceListResponse (ContentType: string, StatusCode: int32, RawResponse: response ...)
 ServicePrincipalServiceListResponse (list: array, nextPageToken: string)
   ServicePrincipal (createdAt: date-time, displayName: string, id: string ...)
ServicePrincipalServiceCreateRequest (displayName: string)
C1ApiServicePrincipalV1ServicePrincipalServiceCreateResponse (ContentType: string, StatusCode: int32, RawResponse: response ...)
 ServicePrincipalServiceCreateResponse (servicePrincipal: ServicePrincipal)
C1ApiServicePrincipalV1ServicePrincipalServiceDeleteRequest (id: string, ServicePrincipalServiceDeleteRequest: ServicePrincipalServiceDeleteRequest)
 ServicePrincipalServiceDeleteRequest (empty)
C1ApiServicePrincipalV1ServicePrincipalServiceDeleteResponse (ContentType: string, StatusCode: int32, RawResponse: response ...)
 ServicePrincipalServiceDeleteResponse (empty)
C1ApiServicePrincipalV1ServicePrincipalServiceGetRequest (id: string)
C1ApiServicePrincipalV1ServicePrincipalServiceGetResponse (ContentType: string, StatusCode: int32, RawResponse: response ...)
 ServicePrincipalServiceGetResponse (servicePrincipal: ServicePrincipal)
C1ApiServicePrincipalV1ServicePrincipalServiceUpdateRequest (id: string, ServicePrincipalServiceUpdateRequest: ServicePrincipalServiceUpdateRequest)
 ServicePrincipalServiceUpdateRequest (servicePrincipal: ServicePrincipal_input, updateMask: string)
  ServicePrincipalInput (displayName: string, objectPermissions: UserActorObjectPermissions, user: User_input)
   UserInput (delegatedUserId: string, roleIds: array, status: enum)
C1ApiServicePrincipalV1ServicePrincipalServiceUpdateResponse (ContentType: string, StatusCode: int32, RawResponse: response ...)
 ServicePrincipalServiceUpdateResponse (servicePrincipal: ServicePrincipal)
C1ApiServicePrincipalV1ServicePrincipalServiceListCredentialsRequest (service_principal_id: string)
C1ApiServicePrincipalV1ServicePrincipalServiceListCredentialsResponse (ContentType: string, StatusCode: int32, RawResponse: response ...)
 ServicePrincipalServiceListCredentialsResponse (list: array, nextPageToken: string)
   ServicePrincipalCredential (allowSourceCidrs: array, clientId: string, createdAt: date-time ...)
C1ApiServicePrincipalV1ServicePrincipalServiceCreateCredentialRequest (service_principal_id: string, ServicePrincipalServiceCreateCredentialRequest: ServicePrincipalServiceCreateCredentialRequest)
 ServicePrincipalServiceCreateCredentialRequest (allowSourceCidrs: array, displayName: string, expires: string ...)
C1ApiServicePrincipalV1ServicePrincipalServiceCreateCredentialResponse (ContentType: string, StatusCode: int32, RawResponse: response ...)
 ServicePrincipalServiceCreateCredentialResponse (clientSecret: string, credential: ServicePrincipalCredential)
C1ApiServicePrincipalV1ServicePrincipalServiceRevokeCredentialRequest (service_principal_id: string, id: string, ServicePrincipalServiceRevokeCredentialRequest: ServicePrincipalServiceRevokeCredentialRequest)
 ServicePrincipalServiceRevokeCredentialRequest (empty)
C1ApiServicePrincipalV1ServicePrincipalServiceRevokeCredentialResponse (ContentType: string, StatusCode: int32, RawResponse: response ...)
 ServicePrincipalServiceRevokeCredentialResponse (empty)
C1ApiServicePrincipalV1ServicePrincipalServiceGetCredentialRequest (service_principal_id: string, id: string)
C1ApiServicePrincipalV1ServicePrincipalServiceGetCredentialResponse (ContentType: string, StatusCode: int32, RawResponse: response ...)
 ServicePrincipalServiceGetCredentialResponse (credential: ServicePrincipalCredential)
C1ApiServicePrincipalV1ServicePrincipalServiceUpdateCredentialRequest (service_principal_id: string, id: string, ServicePrincipalServiceUpdateCredentialRequest: ServicePrincipalServiceUpdateCredentialRequest)
 ServicePrincipalServiceUpdateCredentialRequest (credential: ServicePrincipalCredential_input, updateMask: string)
  ServicePrincipalCredentialInput (displayName: string)
C1ApiServicePrincipalV1ServicePrincipalServiceUpdateCredentialResponse (ContentType: string, StatusCode: int32, RawResponse: response ...)
 ServicePrincipalServiceUpdateCredentialResponse (credential: ServicePrincipalCredential)
ServicePrincipalServiceAddBindingRequest (servicePrincipalId: string, subject: ServicePrincipalBindingSubject)
 ServicePrincipalBindingSubject (functionId: string)
C1ApiServicePrincipalV1ServicePrincipalServiceAddBindingResponse (ContentType: string, StatusCode: int32, RawResponse: response ...)
 ServicePrincipalServiceAddBindingResponse (empty)
ServicePrincipalServiceDeleteBindingRequest (servicePrincipalId: string, subject: ServicePrincipalBindingSubject)
C1ApiServicePrincipalV1ServicePrincipalServiceDeleteBindingResponse (ContentType: string, StatusCode: int32, RawResponse: response ...)
 ServicePrincipalServiceDeleteBindingResponse (empty)
ServicePrincipalServiceListBindingsRequest (pageSize: int32, pageToken: string, subject: ServicePrincipalBindingSubject)
C1ApiServicePrincipalV1ServicePrincipalServiceListBindingsResponse (ContentType: string, StatusCode: int32, RawResponse: response ...)
 ServicePrincipalServiceListBindingsResponse (bindings: array, nextPageToken: string)
   ServicePrincipalBinding (createdAt: date-time, servicePrincipalId: string, updatedAt: date-time)
AiGovernanceSettings (SDK empty)
C1ApiAiGovernanceV1AiGovernanceSettingsServiceGetResponse (ContentType: string, StatusCode: int32, RawResponse: response ...)
 GetAiGovernanceSettingsResponse (aiGovernanceSettings: AIGovernanceSettings)
  AiGovernanceSettings (allowedClientTypes: array, auditVerbosity: enum, autoDiscoveryEnabled: boolean ...)
    AiGovernanceSettingsAllowedClientTypes (enum: MCP_CLIENT_TYPE_UNSPECIFIED, MCP_CLIENT_TYPE_PERSONAL, MCP_CLIENT_TYPE_SHARED ...)
   AuditVerbosity (enum: AUDIT_VERBOSITY_UNSPECIFIED, AUDIT_VERBOSITY_MINIMAL, AUDIT_VERBOSITY_STANDARD ...)
   McpClientLifecycleConfig (inactivityCloseAfter: string, inactivityHideAfter: string, retentionDeleteAfter: string)
   DefaultToolClassification (enum: TOOL_CLASSIFICATION_UNSPECIFIED, TOOL_CLASSIFICATION_READ, TOOL_CLASSIFICATION_WRITE ...)
UpdateAiGovernanceSettingsRequest (aiGovernanceSettings: AIGovernanceSettings, updateMask: string)
C1ApiAiGovernanceV1AiGovernanceSettingsServiceUpdateResponse (ContentType: string, StatusCode: int32, RawResponse: response ...)
 UpdateAiGovernanceSettingsResponse (aiGovernanceSettings: AIGovernanceSettings)
C1ApiAiGovernanceV1AiGovernanceSettingsServiceListHistoryResponse (ContentType: string, StatusCode: int32, RawResponse: response ...)
 ListAiGovernanceSettingsHistoryResponse (list: array, nextPageToken: string)
   AiGovernanceSettingsHistoryEntry (metadata: HistoryEntryMetadata, snapshot: AIGovernanceSettings)
C1ApiAiGovernanceV1AiGovernanceSettingsServiceGetTenantDefaultsResponse (ContentType: string, StatusCode: int32, RawResponse: response ...)
 GetTenantDefaultsResponse (requireToolApproval: boolean)
AwsExternalIdSettings (SDK empty)
C1ApiSettingsV1AwsExternalIdSettingsGetResponse (ContentType: string, StatusCode: int32, RawResponse: response ...)
 GetAwsExternalIdResponse (awsExternalId: AWSExternalID)
  AwsExternalId (externalId: string)
Contacts (SDK empty)
C1ApiSettingsV1ContactsServiceGetContactsResponse (ContentType: string, StatusCode: int32, RawResponse: response ...)
 GetContactsResponse (contacts: Contacts)
  Contacts (billingEmails: array, createdAt: date-time, operationsEmails: array ...)
UpdateContactsRequest (contacts: Contacts_input, updateMask: string)
 ContactsInput (billingEmails: array, operationsEmails: array, securityEmails: array)
C1ApiSettingsV1ContactsServiceUpdateContactsResponse (ContentType: string, StatusCode: int32, RawResponse: response ...)
 UpdateContactsResponse (contacts: Contacts)
XaaSettings (SDK empty)
C1ApiCrossAppAccessV1XaaSettingsServiceGetResponse (ContentType: string, StatusCode: int32, RawResponse: response ...)
 XaaSettingsServiceGetResponse (settings: XAASettings)
  XaaSettings (allowRefreshTokenSubjects: boolean, createdAt: date-time, defaultGrantLifetime: string ...)
   DefaultSigningAlgorithm (enum: XAA_SIGNING_ALGORITHM_UNSPECIFIED, XAA_SIGNING_ALGORITHM_EDDSA, XAA_SIGNING_ALGORITHM_RS256 ...)
    EnabledSigningAlgorithms (enum: XAA_SIGNING_ALGORITHM_UNSPECIFIED, XAA_SIGNING_ALGORITHM_EDDSA, XAA_SIGNING_ALGORITHM_RS256 ...)
XaaSettingsServiceUpdateRequest (settings: XAASettings, updateMask: string)
C1ApiCrossAppAccessV1XaaSettingsServiceUpdateResponse (ContentType: string, StatusCode: int32, RawResponse: response ...)
 XaaSettingsServiceUpdateResponse (settings: XAASettings)
C1ApiCrossAppAccessV1XaaSettingsServiceListHistoryRequest (page_size: int32, page_token: string)
C1ApiCrossAppAccessV1XaaSettingsServiceListHistoryResponse (ContentType: string, StatusCode: int32, RawResponse: response ...)
 XaaSettingsServiceListHistoryResponse (list: array, nextPageToken: string)
   XaaSettingsHistoryEntry (metadata: HistoryEntryMetadata, snapshot: XAASettings)
UserDeveloperPreferences (SDK empty)
C1ApiSettingsV1UserDeveloperPreferencesServiceGetResponse (ContentType: string, StatusCode: int32, RawResponse: response ...)
 GetUserDeveloperPreferencesResponse (userDeveloperPreferences: UserDeveloperPreferences)
  UserDeveloperPreferences (terraform: TerraformPreferences)
   TerraformPreferences (showCode: boolean)
UpdateUserDeveloperPreferencesRequest (terraform: TerraformPreferences)
C1ApiSettingsV1UserDeveloperPreferencesServiceUpdateResponse (ContentType: string, StatusCode: int32, RawResponse: response ...)
 UpdateUserDeveloperPreferencesResponse (userDeveloperPreferences: UserDeveloperPreferences)
OrgDomain (SDK empty)
C1ApiSettingsV1OrgDomainServiceListRequest (page_size: int32, page_token: string)
C1ApiSettingsV1OrgDomainServiceListResponse (ContentType: string, StatusCode: int32, RawResponse: response ...)
 ListOrgDomainsResponse (list: array, nextPageToken: string)
   OrgDomain (createdAt: date-time, deletedAt: date-time, domain: string ...)
UpdateOrgDomainRequest (newDomains: array)
C1ApiSettingsV1OrgDomainServiceUpdateResponse (ContentType: string, StatusCode: int32, RawResponse: response ...)
 UpdateOrgDomainResponse (list: array)
TenantEmailProvider (SDK empty)
C1ApiSettingsV1TenantEmailProviderServiceGetEmailCapabilitiesResponse (ContentType: string, StatusCode: int32, RawResponse: response ...)
 GetEmailCapabilitiesResponse (externalEmailSupported: boolean)
C1ApiSettingsV1TenantEmailProviderServiceGetResponse (ContentType: string, StatusCode: int32, RawResponse: response ...)
 GetTenantEmailProviderResponse (emailProvider: TenantEmailProvider)
  TenantEmailProvider (awsSes: AWSSESProviderConfig, c1Builtin: C1BuiltInProviderConfig, createdAt: date-time ...)
   AwssesProviderConfig (configurationSetName: string, region: string, roleArn: string)
   C1BuiltInProviderConfig (empty)
   GoogleWorkspaceProviderConfig (delegatedUser: string, serviceAccountJson: string)
   MicrosoftGraphProviderConfig (azureTenantId: string, clientId: string, clientSecret: string)
   SendGridProviderConfig (apiKey: string)
UpdateTenantEmailProviderRequest (emailProvider: TenantEmailProvider_input, updateMask: string)
 TenantEmailProviderInput (awsSes: AWSSESProviderConfig, c1Builtin: C1BuiltInProviderConfig, fromAddress: string ...)
C1ApiSettingsV1TenantEmailProviderServiceUpdateResponse (ContentType: string, StatusCode: int32, RawResponse: response ...)
 UpdateTenantEmailProviderResponse (emailProvider: TenantEmailProvider)
SearchEmailAuditEventsRequest (pageSize: int32, pageToken: string)
C1ApiSettingsV1TenantEmailProviderServiceSearchAuditEventsResponse (ContentType: string, StatusCode: int32, RawResponse: response ...)
 SearchEmailAuditEventsResponse (list: array, nextPageToken: string)
   SearchEmailAuditEventsResponseList (empty)
TestTenantEmailProviderRequest (testRecipientEmail: string)
C1ApiSettingsV1TenantEmailProviderServiceTestResponse (ContentType: string, StatusCode: int32, RawResponse: response ...)
 TestTenantEmailProviderResponse (message: string, success: boolean)
IdentityPolicyTenantDefaults (SDK empty)
C1ApiIdentityPlatformV1IdentityPolicyTenantDefaultsServiceGetResponse (ContentType: string, StatusCode: int32, RawResponse: response ...)
 IdentityPolicyTenantDefaultsServiceGetResponse (defaults: IdentityPolicyTenantDefaults)
  IdentityPolicyTenantDefaults (createdAt: date-time, credentialInventoryPolicyId: string, enrollmentRequirementId: string ...)
IdentityPolicyTenantDefaultsServiceUpdateRequest (defaults: IdentityPolicyTenantDefaults_input, updateMask: string)
 IdentityPolicyTenantDefaultsInput (credentialInventoryPolicyId: string, enrollmentRequirementId: string, recoveryPolicyId: string ...)
C1ApiIdentityPlatformV1IdentityPolicyTenantDefaultsServiceUpdateResponse (ContentType: string, StatusCode: int32, RawResponse: response ...)
 IdentityPolicyTenantDefaultsServiceUpdateResponse (defaults: IdentityPolicyTenantDefaults)
OrgNotificationSettings (SDK empty)
C1ApiSettingsV1OrgNotificationSettingsServiceGetResponse (ContentType: string, StatusCode: int32, RawResponse: response ...)
 GetOrgNotificationSettingsResponse (orgNotificationSettings: OrgNotificationSettings)
  OrgNotificationSettings (channelSettings: ChannelSettings)
   ChannelSettings (email: EmailChannelSettings, slack: SlackChannelSettings, teams: MSTeamsChannelSettings)
    EmailChannelSettings (accessProvisioned: AccessProvisionedPreference, approvalNeeded: ApprovalNeededPreference, commentOnRequest: CommentOnRequestPreference ...)
     AccessProvisionedPreference (enabled: boolean, locked: boolean)
     ApprovalNeededPreference (enabled: boolean, locked: boolean)
     CommentOnRequestPreference (enabled: boolean, locked: boolean)
     CompletionPreference (enabled: boolean, locked: boolean)
     ConnectorIssuesPreference (enabled: boolean, locked: boolean)
     DigestPreference (dayOfWeek: enum, enabled: boolean, frequency: enum ...)
      DayOfWeek (enum: WEEKDAY_UNSPECIFIED, WEEKDAY_MONDAY, WEEKDAY_TUESDAY ...)
      DigestPreferenceFrequency (enum: DIGEST_FREQUENCY_UNSPECIFIED, DIGEST_FREQUENCY_DAILY, DIGEST_FREQUENCY_WEEKLY)
     ExpiringAccessPreference (enabled: boolean, locked: boolean)
     ProvisioningRequestPreference (enabled: boolean, locked: boolean)
     RequestCreatedPreference (enabled: boolean, locked: boolean)
     ReviewsPreference (enabled: boolean, locked: boolean)
     SystemPreference (enabled: boolean, locked: boolean)
     TaskRemindersPreference (enabled: boolean, locked: boolean)
    SlackChannelSettings (accessProvisioned: AccessProvisionedPreference, approvalNeeded: ApprovalNeededPreference, commentOnRequest: CommentOnRequestPreference ...)
    MsTeamsChannelSettings (accessProvisioned: AccessProvisionedPreference, approvalNeeded: ApprovalNeededPreference, commentOnRequest: CommentOnRequestPreference ...)
UpdateOrgNotificationSettingsRequest (channelSettings: ChannelSettings)
C1ApiSettingsV1OrgNotificationSettingsServiceUpdateResponse (ContentType: string, StatusCode: int32, RawResponse: response ...)
 UpdateOrgNotificationSettingsResponse (orgNotificationSettings: OrgNotificationSettings)
UserNotificationSettings (SDK empty)
C1ApiSettingsV1UserNotificationSettingsServiceGetResponse (ContentType: string, StatusCode: int32, RawResponse: response ...)
 GetUserNotificationSettingsResponse (userNotificationSettings: UserNotificationSettings)
  UserNotificationSettings (channelSettings: ChannelSettings)
UpdateUserNotificationSettingsRequest (channelSettings: ChannelSettings)
C1ApiSettingsV1UserNotificationSettingsServiceUpdateResponse (ContentType: string, StatusCode: int32, RawResponse: response ...)
 UpdateUserNotificationSettingsResponse (userNotificationSettings: UserNotificationSettings)
OnboardingSettings (SDK empty)
C1ApiSettingsV1OnboardingSettingsServiceGetResponse (ContentType: string, StatusCode: int32, RawResponse: response ...)
 GetOnboardingSettingsResponse (conversationId: string, intents: array, mcpOnboardingGoal: string ...)
  McpOnboardingStatus (enum: MCP_ONBOARDING_STATUS_UNSPECIFIED, MCP_ONBOARDING_STATUS_NOT_STARTED, MCP_ONBOARDING_STATUS_IN_PROGRESS ...)
   McpOnboardingTarget (displayName: string, id: string, kind: enum ...)
    McpOnboardingTargetKind (enum: MCP_ONBOARDING_TARGET_KIND_UNSPECIFIED, MCP_ONBOARDING_TARGET_KIND_APP, MCP_ONBOARDING_TARGET_KIND_CATALOG_ENTRY ...)
    McpOnboardingTargetStatus (enum: MCP_ONBOARDING_TARGET_STATUS_UNSPECIFIED, MCP_ONBOARDING_TARGET_STATUS_PENDING, MCP_ONBOARDING_TARGET_STATUS_DONE ...)
  OnboardingOrgContext (industry: string, organizationSize: string)
  GetOnboardingSettingsResponseStatus (enum: ONBOARDING_STATUS_UNSPECIFIED, ONBOARDING_STATUS_NOT_STARTED, ONBOARDING_STATUS_IN_PROGRESS ...)
UpdateOnboardingSettingsRequest (conversationId: string, mcpOnboardingGoal: string, mcpOnboardingStatus: enum ...)
 UpdateOnboardingSettingsRequestMcpOnboardingStatus (enum: MCP_ONBOARDING_STATUS_UNSPECIFIED, MCP_ONBOARDING_STATUS_NOT_STARTED, MCP_ONBOARDING_STATUS_IN_PROGRESS ...)
 McpOnboardingTargetList (targets: array)
 UpdateOnboardingSettingsRequestStatus (enum: ONBOARDING_STATUS_UNSPECIFIED, ONBOARDING_STATUS_NOT_STARTED, ONBOARDING_STATUS_IN_PROGRESS ...)
C1ApiSettingsV1OnboardingSettingsServiceUpdateResponse (ContentType: string, StatusCode: int32, RawResponse: response ...)
 UpdateOnboardingSettingsResponse (mcpOnboardingGoal: string, mcpOnboardingStatus: enum, mcpOnboardingTargets: array ...)
  UpdateOnboardingSettingsResponseMcpOnboardingStatus (enum: MCP_ONBOARDING_STATUS_UNSPECIFIED, MCP_ONBOARDING_STATUS_NOT_STARTED, MCP_ONBOARDING_STATUS_IN_PROGRESS ...)
  UpdateOnboardingSettingsResponseStatus (enum: ONBOARDING_STATUS_UNSPECIFIED, ONBOARDING_STATUS_NOT_STARTED, ONBOARDING_STATUS_IN_PROGRESS ...)
RequestSettings (SDK empty)
C1ApiSettingsV1RequestSettingsServiceGetResponse (ContentType: string, StatusCode: int32, RawResponse: response ...)
 GetRequestSettingsResponse (requestSettings: RequestSettings)
  RequestSettings (skipJustification: boolean)
UpdateRequestSettingsRequest (requestSettings: RequestSettings, updateMask: string)
C1ApiSettingsV1RequestSettingsServiceUpdateResponse (ContentType: string, StatusCode: int32, RawResponse: response ...)
 UpdateRequestSettingsResponse (requestSettings: RequestSettings)
SessionSettings (SDK empty)
C1ApiSettingsV1SessionSettingsServiceGetResponse (ContentType: string, StatusCode: int32, RawResponse: response ...)
 GetSessionSettingsResponse (sessionSettings: SessionSettings)
  SessionSettings (clientIdApprovalRequestPolicyId: string, clientIdMetadataDocumentPolicy: enum, connectorSource: CIDRRestriction ...)
   ClientIdMetadataDocumentPolicy (enum: CLIENT_ID_METADATA_DOCUMENT_POLICY_UNSPECIFIED, CLIENT_ID_METADATA_DOCUMENT_POLICY_ALLOW_ALL, CLIENT_ID_METADATA_DOCUMENT_POLICY_REQUESTABLE ...)
   CidrRestriction (enabled: boolean, sourceCidr: array)
UpdateSessionSettingsRequest (sessionSettings: SessionSettings, updateMask: string)
C1ApiSettingsV1SessionSettingsServiceUpdateResponse (ContentType: string, StatusCode: int32, RawResponse: response ...)
 UpdateSessionSettingsResponse (sessionSettings: SessionSettings)
TestSourceIpRequest (allowCidr: array, sourceIp: string)
C1ApiSettingsV1SessionSettingsServiceTestSourceIpResponse (ContentType: string, StatusCode: int32, RawResponse: response ...)
 TestSourceIpResponse (allowed: boolean, checkedIp: string, details: Status)
  Status (code: int32, details: array, message: string)
    Details (empty)
SsoSettings (SDK empty)
C1ApiSsoV1SsoSettingsServiceGetResponse (ContentType: string, StatusCode: int32, RawResponse: response ...)
 SsoSettingsServiceGetResponse (settings: SSOSettings)
  SsoSettings (createdAt: date-time, defaultAssertionLifetime: string, defaultIdTokenSignedResponseAlg: enum ...)
   DefaultIdTokenSignedResponseAlg (enum: OIDC_SIGNING_ALGORITHM_UNSPECIFIED, OIDC_SIGNING_ALGORITHM_EDDSA, OIDC_SIGNING_ALGORITHM_ES256 ...)
   DefaultSubjectType (enum: SSO_SUBJECT_TYPE_UNSPECIFIED, SSO_SUBJECT_TYPE_PAIRWISE, SSO_SUBJECT_TYPE_PUBLIC ...)
SsoSettingsServiceUpdateRequest (settings: SSOSettings, updateMask: string)
C1ApiSsoV1SsoSettingsServiceUpdateResponse (ContentType: string, StatusCode: int32, RawResponse: response ...)
 SsoSettingsServiceUpdateResponse (settings: SSOSettings)
C1ApiSsoV1SsoSettingsServiceListHistoryRequest (page_size: int32, page_token: string)
C1ApiSsoV1SsoSettingsServiceListHistoryResponse (ContentType: string, StatusCode: int32, RawResponse: response ...)
 SsoSettingsServiceListHistoryResponse (list: array, nextPageToken: string)
   SsoSettingsHistoryEntry (metadata: HistoryEntryMetadata, snapshot: SSOSettings)
SsfReceiverStream (SDK empty)
C1ApiSsfReceiverV1SsfReceiverStreamServiceListRequest (page_size: int32, page_token: string)
C1ApiSsfReceiverV1SsfReceiverStreamServiceListResponse (ContentType: string, StatusCode: int32, RawResponse: response ...)
 SsfReceiverStreamServiceListResponse (list: array, nextPageToken: string)
   SsfReceiverStream (accountDisabledAction: enum, createdAt: date-time, credentialChangeAction: enum ...)
    AccountDisabledAction (enum: SSF_REVOCATION_ACTION_UNSPECIFIED, SSF_REVOCATION_ACTION_REVOKE_ALL, SSF_REVOCATION_ACTION_LOG_ONLY)
    CredentialChangeAction (enum: SSF_REVOCATION_ACTION_UNSPECIFIED, SSF_REVOCATION_ACTION_REVOKE_ALL, SSF_REVOCATION_ACTION_LOG_ONLY)
    CredentialCompromiseAction (enum: SSF_REVOCATION_ACTION_UNSPECIFIED, SSF_REVOCATION_ACTION_REVOKE_ALL, SSF_REVOCATION_ACTION_LOG_ONLY)
    DeliveryMethod (enum: SSF_DELIVERY_METHOD_UNSPECIFIED, SSF_DELIVERY_METHOD_PUSH, SSF_DELIVERY_METHOD_POLL)
    SsfOutboundAuthBearer (token: string)
    SsfOutboundAuthOAuth2 (clientId: string, clientSecret: string, scopes: array ...)
    SessionRevokedAction (enum: SSF_REVOCATION_ACTION_UNSPECIFIED, SSF_REVOCATION_ACTION_REVOKE_ALL, SSF_REVOCATION_ACTION_LOG_ONLY)
SsfReceiverStreamServiceCreateRequest (accountDisabledAction: enum, credentialChangeAction: enum, credentialCompromiseAction: enum ...)
 SsfReceiverStreamServiceCreateRequestAccountDisabledAction (enum: SSF_REVOCATION_ACTION_UNSPECIFIED, SSF_REVOCATION_ACTION_REVOKE_ALL, SSF_REVOCATION_ACTION_LOG_ONLY)
 SsfReceiverStreamServiceCreateRequestCredentialChangeAction (enum: SSF_REVOCATION_ACTION_UNSPECIFIED, SSF_REVOCATION_ACTION_REVOKE_ALL, SSF_REVOCATION_ACTION_LOG_ONLY)
 SsfReceiverStreamServiceCreateRequestCredentialCompromiseAction (enum: SSF_REVOCATION_ACTION_UNSPECIFIED, SSF_REVOCATION_ACTION_REVOKE_ALL, SSF_REVOCATION_ACTION_LOG_ONLY)
 SsfReceiverStreamServiceCreateRequestDeliveryMethod (enum: SSF_DELIVERY_METHOD_UNSPECIFIED, SSF_DELIVERY_METHOD_PUSH, SSF_DELIVERY_METHOD_POLL)
 SsfReceiverStreamServiceCreateRequestSessionRevokedAction (enum: SSF_REVOCATION_ACTION_UNSPECIFIED, SSF_REVOCATION_ACTION_REVOKE_ALL, SSF_REVOCATION_ACTION_LOG_ONLY)
C1ApiSsfReceiverV1SsfReceiverStreamServiceCreateResponse (ContentType: string, StatusCode: int32, RawResponse: response ...)
 SsfReceiverStreamServiceCreateResponse (pushAuthTokenPlaintext: string, ssfReceiverStream: SSFReceiverStream)
C1ApiSsfReceiverV1SsfReceiverStreamServiceDeleteRequest (id: string, SSFReceiverStreamServiceDeleteRequest: SSFReceiverStreamServiceDeleteRequest)
 SsfReceiverStreamServiceDeleteRequest (empty)
C1ApiSsfReceiverV1SsfReceiverStreamServiceDeleteResponse (ContentType: string, StatusCode: int32, RawResponse: response ...)
 SsfReceiverStreamServiceDeleteResponse (empty)
C1ApiSsfReceiverV1SsfReceiverStreamServiceGetRequest (id: string)
C1ApiSsfReceiverV1SsfReceiverStreamServiceGetResponse (ContentType: string, StatusCode: int32, RawResponse: response ...)
 SsfReceiverStreamServiceGetResponse (ssfReceiverStream: SSFReceiverStream)
C1ApiSsfReceiverV1SsfReceiverStreamServiceUpdateRequest (id: string, SSFReceiverStreamServiceUpdateRequest: SSFReceiverStreamServiceUpdateRequest)
 SsfReceiverStreamServiceUpdateRequest (ssfReceiverStream: SSFReceiverStream_input, updateMask: string)
  SsfReceiverStreamInput (accountDisabledAction: enum, credentialChangeAction: enum, credentialCompromiseAction: enum ...)
C1ApiSsfReceiverV1SsfReceiverStreamServiceUpdateResponse (ContentType: string, StatusCode: int32, RawResponse: response ...)
 SsfReceiverStreamServiceUpdateResponse (ssfReceiverStream: SSFReceiverStream)
C1ApiSsfReceiverV1SsfReceiverStreamServiceTestRequest (id: string, SSFReceiverStreamServiceTestRequest: SSFReceiverStreamServiceTestRequest)
 SsfReceiverStreamServiceTestRequest (testSubject: string)
C1ApiSsfReceiverV1SsfReceiverStreamServiceTestResponse (ContentType: string, StatusCode: int32, RawResponse: response ...)
 SsfReceiverStreamServiceTestResponse (activeRefreshTokenCount: int32, activeSessionCount: int32, configuredSessionRevokedAction: enum ...)
  ConfiguredSessionRevokedAction (enum: SSF_REVOCATION_ACTION_UNSPECIFIED, SSF_REVOCATION_ACTION_REVOKE_ALL, SSF_REVOCATION_ACTION_LOG_ONLY)
C1ApiSsfReceiverV1SsfReceiverStreamServiceGetStatsRequest (stream_id: string)
C1ApiSsfReceiverV1SsfReceiverStreamServiceGetStatsResponse (ContentType: string, StatusCode: int32, RawResponse: response ...)
 SsfReceiverStreamServiceGetStatsResponse (stats: SSFReceiverStreamStats)
  SsfReceiverStreamStats (eventsActedOnCount: string, eventsFailedCount: string, eventsReceivedCount: string ...)
SsfReceiverEvent (SDK empty)
C1ApiSsfReceiverV1SsfReceiverEventServiceListRequest (stream_id: string, page_size: int32, page_token: string)
C1ApiSsfReceiverV1SsfReceiverEventServiceListResponse (ContentType: string, StatusCode: int32, RawResponse: response ...)
 SsfReceiverEventServiceListResponse (list: array, nextPageToken: string)
SystemLog (SDK empty)
SystemLogServiceListEventsRequest (pageSize: int32, pageToken: string, since: date-time ...)
 SystemLogServiceListEventsRequestSortDirection (enum: SORT_DIRECTION_UNSPECIFIED, SORT_DIRECTION_ASC, SORT_DIRECTION_DESC)
C1ApiSystemlogV1SystemLogServiceListEventsResponse (ContentType: string, StatusCode: int32, RawResponse: response ...)
 SystemLogServiceListEventsResponse (list: array, nextPageToken: string)
   SystemLogServiceListEventsResponseList (empty)
Export (SDK empty)
C1ApiSystemlogV1ExportServiceListRequest (page_size: int32, page_token: string)
C1ApiSystemlogV1ExportServiceListResponse (ContentType: string, StatusCode: int32, RawResponse: response ...)
 ExportServiceListResponse (list: array, nextPageToken: string)
ExportServiceCreateRequest (datasource: ExportToDatasource, displayName: string)
C1ApiSystemlogV1ExportServiceCreateResponse (ContentType: string, StatusCode: int32, RawResponse: response ...)
 ExportServiceCreateResponse (exporter: Exporter)
C1ApiSystemlogV1ExportServiceDeleteRequest (export_id: string, ExportServiceDeleteRequest: ExportServiceDeleteRequest)
 ExportServiceDeleteRequest (empty)
C1ApiSystemlogV1ExportServiceDeleteResponse (ContentType: string, StatusCode: int32, RawResponse: response ...)
 ExportServiceDeleteResponse (empty)
C1ApiSystemlogV1ExportServiceGetRequest (export_id: string)
C1ApiSystemlogV1ExportServiceGetResponse (ContentType: string, StatusCode: int32, RawResponse: response ...)
 ExportServiceGetResponse (exporter: Exporter)
C1ApiSystemlogV1ExportServiceUpdateRequest (export_id: string, ExportServiceUpdateRequest: ExportServiceUpdateRequest)
 ExportServiceUpdateRequest (exporter: Exporter_input, updateMask: string)
  ExporterInput (datasource: ExportToDatasource, displayName: string)
C1ApiSystemlogV1ExportServiceUpdateResponse (ContentType: string, StatusCode: int32, RawResponse: response ...)
 ExportServiceUpdateResponse (exporter: Exporter)
C1ApiSystemlogV1ExportServiceListEventsRequest (export_id: string, ExportServiceListEventsRequest: ExportServiceListEventsRequest)
 ExportServiceListEventsRequest (pageSize: int32, pageToken: string)
C1ApiSystemlogV1ExportServiceListEventsResponse (ContentType: string, StatusCode: int32, RawResponse: response ...)
 ExportServiceListEventsResponse (list: array, nextPageToken: string)
   ExportServiceListEventsResponseList (empty)
Task (SDK empty)
TaskServiceCreateActionRequest (actionId: string, description: string, expandMask: TaskExpandMask ...)
 TaskExpandMask (paths: array)
 TaskServiceCreateActionRequestFormValues (empty)
C1ApiTaskV1TaskServiceCreateActionTaskResponse (ContentType: string, StatusCode: int32, RawResponse: response ...)
 TaskServiceCreateActionResponse (expanded: array, taskView: TaskView)
   TaskServiceCreateActionResponseExpanded (empty)
TaskServiceCreateGrantRequest (appEntitlementId: string, appId: string, appUserId: string ...)
 RequestData (empty)
C1ApiTaskV1TaskServiceCreateGrantTaskResponse (ContentType: string, StatusCode: int32, RawResponse: response ...)
 TaskServiceCreateGrantResponse (expanded: array, taskView: TaskView)
   TaskServiceCreateGrantResponseExpanded (empty)
TaskServiceCreateOffboardingRequest (description: string, subjectUserId: string)
C1ApiTaskV1TaskServiceCreateOffboardingTaskResponse (ContentType: string, StatusCode: int32, RawResponse: response ...)
 TaskServiceCreateOffboardingResponse (expanded: array, taskView: TaskView)
   TaskServiceCreateOffboardingResponseExpanded (empty)
TaskServiceCreateResourceActionRequest (actionId: string, expandMask: TaskExpandMask, formValues: class)
 TaskServiceCreateResourceActionRequestFormValues (empty)
C1ApiTaskV1TaskServiceCreateResourceActionTaskResponse (ContentType: string, StatusCode: int32, RawResponse: response ...)
 TaskServiceCreateResourceActionResponse (expanded: array, taskView: TaskView)
   TaskServiceCreateResourceActionResponseExpanded (empty)
TaskServiceCreateRevokeRequest (appEntitlementId: string, appId: string, appUserId: string ...)
C1ApiTaskV1TaskServiceCreateRevokeTaskResponse (ContentType: string, StatusCode: int32, RawResponse: response ...)
 TaskServiceCreateRevokeResponse (expanded: array, taskView: TaskView)
   TaskServiceCreateRevokeResponseExpanded (empty)
C1ApiTaskV1TaskServiceGetRequest (id: string)
C1ApiTaskV1TaskServiceGetResponse (ContentType: string, StatusCode: int32, RawResponse: response ...)
 TaskServiceGetResponse (expanded: array, taskView: TaskView)
   TaskServiceGetResponseExpanded (empty)
TaskAudit (SDK empty)
TaskAuditListRequest (commentsOnly: boolean, newestFirst: boolean, pageSize: int32 ...)
  TaskAuditViewRef (id: string)
C1ApiTaskV1TaskAuditListResponse (ContentType: string, StatusCode: int32, RawResponse: response ...)
 TaskAuditListResponse (list: array, nextPageToken: string)
   TaskAuditView (accessRequestOutcome: TaskAuditAccessRequestOutcome, accountDeleted: TaskAuditAccountDeleted, accountLifecycleActionCreated: TaskAuditAccountLifecycleActionCreated ...)
    TaskAuditAccessRequestOutcome (outcome: enum)
     TaskAuditAccessRequestOutcomeOutcome (enum: ACCESS_REQUEST_OUTCOME_UNSPECIFIED, ACCESS_REQUEST_OUTCOME_APPROVED, ACCESS_REQUEST_OUTCOME_DENIED ...)
    TaskAuditAccountDeleted (appId: string, appUserId: string, connectorResourceId: string ...)
    TaskAuditAccountLifecycleActionCreated (batonActionDisplayName: string, batonActionInvocationId: string, batonActionName: string ...)
    TaskAuditAccountLifecycleActionFailed (batonActionDisplayName: string, batonActionInvocationId: string, batonActionName: string ...)
    TaskAuditActionInstanceCreated (instance: ActionInstance)
    TaskAuditActionInstanceFailed (instance: ActionInstance)
    TaskAuditActionInstanceSucceeded (instance: ActionInstance)
    TaskAuditConnectorActionResult (appEntitlementId: string, appId: string, cancelled: TaskAuditCancelledResult ...)
     TaskAuditCancelledResult (cancelReason: string)
     TaskAuditErrorResult (errorCount: string, errorReason: string)
     TaskAuditPendingResult (pendingReason: string)
     TaskAuditSuccessResult (annotations: array, effects: array, successReason: string)
       TaskAuditSuccessResultAnnotations (empty)
       ConnectorActionEffect (appEntitlementId: string, appId: string, appUserId: string ...)
        EffectSource (enum: CONNECTOR_ACTION_EFFECT_SOURCE_UNSPECIFIED, CONNECTOR_ACTION_EFFECT_SOURCE_ACTION_TARGET, CONNECTOR_ACTION_EFFECT_SOURCE_CONNECTOR_RESPONSE ...)
        EffectType (enum: CONNECTOR_ACTION_EFFECT_TYPE_UNSPECIFIED, CONNECTOR_ACTION_EFFECT_TYPE_GRANT, CONNECTOR_ACTION_EFFECT_TYPE_REVOKE)
    TaskAuditActionSubmitted (action: SubmittedTaskAction)
     SubmittedTaskAction (actionType: enum, bulkActionId: string, createdAt: date-time ...)
      ActionType (enum: TASK_ACTION_TYPE_UNSPECIFIED, TASK_ACTION_TYPE_CLOSE, TASK_ACTION_TYPE_APPROVE ...)
    TaskAuditApprovalAutoAcceptedByPolicy (empty)
    TaskAuditApprovalAutoRejectedByPolicy (empty)
    TaskAuditApprovalInstanceChange (instance: ApprovalInstance)
    TaskAuditPolicyApprovalReassigned (newPolicyStepId: string, newUsers: array, oldPolicyStepId: string ...)
    TaskAuditApprovalHappenedAutomatically (empty)
    TaskAuditAutomationTriggered (automationExecutionId: string, automationId: string, automationName: string)
    TaskAuditBulkActionError (error: string)
    TaskAuditCertifyOutcome (outcome: enum)
     TaskAuditCertifyOutcomeOutcome (enum: CERTIFY_OUTCOME_UNSPECIFIED, CERTIFY_OUTCOME_CERTIFIED, CERTIFY_OUTCOME_DECERTIFIED ...)
    TaskAuditComment (comment: string, updatedAt: date-time, updatedBy: string)
    TaskAuditConditionalPolicyExecutionResult (chainDepth: int32, condition: string, conditionMatched: boolean ...)
    TaskAuditFinishedConnectorActions (policyStepId: string)
    TaskAuditStartedConnectorActions (policyStepId: string)
    TaskAuditCreatedReplacementExtensionGrantTask (newTaskId: string, newTaskNumericId: string)
    CurrentState (enum: TASK_STATE_UNSPECIFIED, TASK_STATE_OPEN, TASK_STATE_CLOSED)
    TaskAuditViewEventType (enum: TASK_AUDIT_EVENT_TYPE_UNSPECIFIED, TASK_AUDIT_EVENT_TYPE_NEUTRAL, TASK_AUDIT_EVENT_TYPE_ERROR)
    TaskAuditExpressionPolicyStepError (error: string)
    TaskAuditExternalTicketCreated (appId: string, connectorId: string, externalTicketId: string ...)
    TaskAuditExternalTicketError (errorMessage: string)
    TaskAuditExternalTicketProvisionStepResolved (appId: string, connectorId: string, externalTicketId: string ...)
    TaskAuditExternalTicketTriggered (appId: string, connectorId: string, externalTicketId: string ...)
    TaskAuditFormInstanceChange (isValid: boolean)
    TaskAuditGrantDurationUpdated (duration: string)
    TaskAuditGrantOutcome (outcome: enum)
     TaskAuditGrantOutcomeOutcome (enum: GRANT_OUTCOME_UNSPECIFIED, GRANT_OUTCOME_GRANTED, GRANT_OUTCOME_DENIED ...)
    TaskAuditHardReset (oldPolicyStepId: string)
    TaskAuditMetaData (user: User)
    TaskAuditPolicyChanged (newPolicyId: string, oldPolicyId: string)
    TaskAuditPolicyEvaluationStep (stepComment: string)
    TaskAuditPolicyProvisionCancelled (cancelReason: string)
    TaskAuditProvisionEntitlementMergeCompleted (appEntitlementId: string, appId: string)
    TaskAuditProvisionEntitlementMergeTimedOut (appEntitlementId: string, appId: string)
    TaskAuditPolicyProvisionError (error: string)
    TaskAuditPolicyProvisionReassigned (newPolicyStepId: string, newUsers: array, oldPolicyStepId: string ...)
    TaskAuditProvisionWaitingForEntitlementMerge (appEntitlementId: string, appId: string, fallbackAt: date-time)
    TaskAuditReassignedToDelegate (delegatedAssigneeUser: User, delegatedAssigneeUserId: string, originalAssigneeUser: User ...)
    TaskAuditReassignmentFallbackToAdmin (adminUserIds: array, adminUsers: array)
    TaskAuditReassignmentListError (errorMessage: string)
    TaskAuditRequestDefaultsApplied (appId: string, routingRuleId: string, source: enum)
     TaskAuditRequestDefaultsAppliedSource (enum: APPLIED_SETTINGS_SOURCE_UNSPECIFIED, APPLIED_SETTINGS_SOURCE_ENTITLEMENT_OVERRIDE, APPLIED_SETTINGS_SOURCE_ROUTING_RULE ...)
    TaskAuditRevokeOutcome (outcome: enum)
     TaskAuditRevokeOutcomeOutcome (enum: REVOKE_OUTCOME_UNSPECIFIED, REVOKE_OUTCOME_REVOKED, REVOKE_OUTCOME_DENIED ...)
    TaskAuditSlaEscalation (message: string)
    TaskAuditViewSource (enum: SOURCE_UNSPECIFIED, SOURCE_C1, SOURCE_JIRA ...)
    TaskAuditStateChange (previousState: enum)
     PreviousState (enum: TASK_STATE_UNSPECIFIED, TASK_STATE_OPEN, TASK_STATE_CLOSED)
    TaskAuditStepSkipped (skippedBy: string)
    TaskAuditStepUpApproval (stepUpTransactionId: string)
    TaskAuditNewTask (empty)
    TaskAuditNewTaskCreatedFrom (originalTaskId: string, originalTaskNumericId: string, originalTaskType: string)
    TaskAuditEscalateToEmergencyAccess (oldPolicyId: string, oldPolicyStepId: string)
    TaskAuditRestart (oldPolicyStepId: string)
    TaskAuditWaitForAnalysisStepSuccess (stepId: string, succeededAt: date-time)
    TaskAuditWaitForAnalysisStepTimedOut (stepId: string, timedOutAt: date-time)
    TaskAuditWaitForAnalysisStepWaiting (stepId: string)
    TaskAuditWaitStepSuccess (condition: string, stepId: string, succeededAt: date-time)
    TaskAuditWaitStepTimedOut (condition: string, stepId: string, timedOutAt: date-time)
    TaskAuditWaitStepUntilTime (stepId: string, untilTime: date-time)
    TaskAuditWaitStepWaiting (condition: string, stepId: string)
    TaskAuditWebhookApprovalAttempt (webhookId: string, webhookInstanceId: string, webhookName: string ...)
    TaskAuditWebhookApprovalBadResponse (error: string, webhookId: string, webhookInstanceId: string ...)
    TaskAuditWebhookApprovalFatalError (error: string, webhookId: string, webhookInstanceId: string ...)
    TaskAuditWebhookApprovalSuccess (webhookId: string, webhookInstanceId: string, webhookName: string ...)
    TaskAuditWebhookApprovalTriggered (webhookId: string, webhookInstanceId: string, webhookName: string ...)
    TaskAuditWebhookAttempt (webhookId: string, webhookInstanceId: string, webhookName: string ...)
    TaskAuditWebhookSuccess (webhookId: string, webhookInstanceId: string, webhookName: string ...)
    TaskAuditWebhookTriggered (webhookId: string, webhookInstanceId: string, webhookName: string ...)
TaskActions (SDK empty)
C1ApiTaskV1TaskActionsServiceApproveRequest (task_id: string, TaskActionsServiceApproveRequest: TaskActionsServiceApproveRequest)
 TaskActionsServiceApproveRequest (comment: string, policyStepId: string)
C1ApiTaskV1TaskActionsServiceApproveResponse (ContentType: string, StatusCode: int32, RawResponse: response ...)
 TaskActionsServiceApproveResponse (expanded: array, taskView: TaskView, ticketActionId: string)
   TaskActionsServiceApproveResponseExpanded (empty)
C1ApiTaskV1TaskActionsServiceApproveWithStepUpRequest (task_id: string, TaskActionsServiceApproveWithStepUpRequest: TaskActionsServiceApproveWithStepUpRequest)
 TaskActionsServiceApproveWithStepUpRequest (comment: string, expandMask: TaskExpandMask, policyStepId: string ...)
C1ApiTaskV1TaskActionsServiceApproveWithStepUpResponse (ContentType: string, StatusCode: int32, RawResponse: response ...)
 TaskActionsServiceApproveWithStepUpResponse (expanded: array, redirectUrl: string, taskView: TaskView ...)
   TaskActionsServiceApproveWithStepUpResponseExpanded (empty)
C1ApiTaskV1TaskActionsServiceCloseRequest (task_id: string, TaskActionsServiceCloseRequest: TaskActionsServiceCloseRequest)
 TaskActionsServiceCloseRequest (comment: string, expandMask: TaskExpandMask)
C1ApiTaskV1TaskActionsServiceCloseResponse (ContentType: string, StatusCode: int32, RawResponse: response ...)
 TaskActionsServiceCloseResponse (expanded: array, taskActionId: string, taskView: TaskView)
   TaskActionsServiceCloseResponseExpanded (empty)
C1ApiTaskV1TaskActionsServiceCommentRequest (task_id: string, TaskActionsServiceCommentRequest: TaskActionsServiceCommentRequest)
 TaskActionsServiceCommentRequest (comment: string)
C1ApiTaskV1TaskActionsServiceCommentResponse (ContentType: string, StatusCode: int32, RawResponse: response ...)
 TaskActionsServiceCommentResponse (expanded: array, taskView: TaskView)
   TaskActionsServiceCommentResponseExpanded (empty)
C1ApiTaskV1TaskActionsServiceDenyRequest (task_id: string, TaskActionsServiceDenyRequest: TaskActionsServiceDenyRequest)
 TaskActionsServiceDenyRequest (comment: string, policyStepId: string)
C1ApiTaskV1TaskActionsServiceDenyResponse (ContentType: string, StatusCode: int32, RawResponse: response ...)
 TaskActionsServiceDenyResponse (expanded: array, taskView: TaskView, ticketActionId: string)
   TaskActionsServiceDenyResponseExpanded (empty)
C1ApiTaskV1TaskActionsServiceEscalateToEmergencyAccessRequest (task_id: string, TaskActionsServiceEscalateToEmergencyAccessRequest: TaskActionsServiceEscalateToEmergencyAccessRequest)
 TaskActionsServiceEscalateToEmergencyAccessRequest (comment: string, policyStepId: string)
C1ApiTaskV1TaskActionsServiceEscalateToEmergencyAccessResponse (ContentType: string, StatusCode: int32, RawResponse: response ...)
 TaskServiceActionResponse (expanded: array, taskView: TaskView, ticketActionId: string)
   TaskServiceActionResponseExpanded (empty)
C1ApiTaskV1TaskActionsServiceProcessNowRequest (task_id: string, TaskActionsServiceProcessNowRequest: TaskActionsServiceProcessNowRequest)
 TaskActionsServiceProcessNowRequest (empty)
C1ApiTaskV1TaskActionsServiceProcessNowResponse (ContentType: string, StatusCode: int32, RawResponse: response ...)
 TaskActionsServiceProcessNowResponse (expanded: array, taskView: TaskView)
   TaskActionsServiceProcessNowResponseExpanded (empty)
C1ApiTaskV1TaskActionsServiceReassignRequest (task_id: string, TaskActionsServiceReassignRequest: TaskActionsServiceReassignRequest)
 TaskActionsServiceReassignRequest (comment: string, newStepUserIds: array, policyStepId: string)
C1ApiTaskV1TaskActionsServiceReassignResponse (ContentType: string, StatusCode: int32, RawResponse: response ...)
 TaskActionsServiceReassignResponse (expanded: array, taskView: TaskView, ticketActionId: string)
   TaskActionsServiceReassignResponseExpanded (empty)
C1ApiTaskV1TaskActionsServiceHardResetRequest (task_id: string, TaskActionsServiceHardResetRequest: TaskActionsServiceHardResetRequest)
 TaskActionsServiceHardResetRequest (comment: string)
C1ApiTaskV1TaskActionsServiceHardResetResponse (ContentType: string, StatusCode: int32, RawResponse: response ...)
 TaskActionsServiceHardResetResponse (expanded: array, taskView: TaskView, ticketActionId: string)
   TaskActionsServiceHardResetResponseExpanded (empty)
C1ApiTaskV1TaskActionsServiceRestartRequest (task_id: string, TaskActionsServiceRestartRequest: TaskActionsServiceRestartRequest)
 TaskActionsServiceRestartRequest (comment: string, policyStepId: string)
C1ApiTaskV1TaskActionsServiceRestartResponse (ContentType: string, StatusCode: int32, RawResponse: response ...)
 TaskActionsServiceRestartResponse (expanded: array, taskView: TaskView, ticketActionId: string)
   TaskActionsServiceRestartResponseExpanded (empty)
C1ApiTaskV1TaskActionsServiceRetryProvisioningRequest (task_id: string, TaskActionsServiceRetryProvisioningRequest: TaskActionsServiceRetryProvisioningRequest)
 TaskActionsServiceRetryProvisioningRequest (comment: string, expandMask: TaskExpandMask, policyStepId: string)
C1ApiTaskV1TaskActionsServiceRetryProvisioningResponse (ContentType: string, StatusCode: int32, RawResponse: response ...)
C1ApiTaskV1TaskActionsServiceSkipStepRequest (task_id: string, TaskActionsServiceSkipStepRequest: TaskActionsServiceSkipStepRequest)
 TaskActionsServiceSkipStepRequest (comment: string, expandMask: TaskExpandMask, policyStepId: string)
C1ApiTaskV1TaskActionsServiceSkipStepResponse (ContentType: string, StatusCode: int32, RawResponse: response ...)
C1ApiTaskV1TaskActionsServiceUpdateGrantDurationRequest (task_id: string, TaskActionsServiceUpdateGrantDurationRequest: TaskActionsServiceUpdateGrantDurationRequest)
 TaskActionsServiceUpdateGrantDurationRequest (duration: string, expandMask: TaskExpandMask)
C1ApiTaskV1TaskActionsServiceUpdateGrantDurationResponse (ContentType: string, StatusCode: int32, RawResponse: response ...)
C1ApiTaskV1TaskActionsServiceUpdateRequestDataRequest (task_id: string, TaskActionsServiceUpdateRequestDataRequest: TaskActionsServiceUpdateRequestDataRequest)
 TaskActionsServiceUpdateRequestDataRequest (data: class, expandMask: TaskExpandMask)
  TaskActionsServiceUpdateRequestDataRequestData (empty)
C1ApiTaskV1TaskActionsServiceUpdateRequestDataResponse (ContentType: string, StatusCode: int32, RawResponse: response ...)
TerraformExport (SDK empty)
C1ApiTerraformExportV1TerraformExportServiceGetSchemaResponse (ContentType: string, StatusCode: int32, RawResponse: response ...)
 GetSchemaResponse (schema: TFSchemaMapping)
  TfSchemaMapping (dataSource: DataSource, fields: array, providerVersion: string ...)
   DataSource (empty)
    TfFieldMapping (c1Field: string, computed: boolean, elementTfType: enum ...)
     ElementTfType (enum: TF_TYPE_UNSPECIFIED, TF_TYPE_STRING, TF_TYPE_NUMBER ...)
      EnumValue (name: string, number: int32)
       TfReference (compositeKeyFields: array, tfTypeNames: array)
         CompositeKeyField (c1Field: string, tfField: string)
       TfType (enum: TF_TYPE_UNSPECIFIED, TF_TYPE_STRING, TF_TYPE_NUMBER ...)
    CompositeKeyFieldSet (fields: array)
   Resource (importId: ImportIDShape)
    ImportIdShape (composite: Composite, singleString: SingleString)
     Composite (fields: array, format: enum)
       CompositeField (c1Field: string, tfType: enum)
        CompositeFieldTfType (enum: TF_TYPE_UNSPECIFIED, TF_TYPE_STRING, TF_TYPE_NUMBER ...)
      CompositeFormat (enum: FORMAT_JSON_OBJECT, FORMAT_COLON_SEPARATED, FORMAT_UNDERSCORE_SEPARATED)
     SingleString (empty)
User (SDK empty)
C1ApiUserV1UserServiceListRequest (page_size: int32, page_token: string)
C1ApiUserV1UserServiceListResponse (ContentType: string, StatusCode: int32, RawResponse: response ...)
 UserServiceListResponse (expanded: array, list: array, nextPageToken: string)
   UserServiceListResponseExpanded (empty)
C1ApiUserV1UserServiceGetRequest (id: string)
C1ApiUserV1UserServiceGetResponse (ContentType: string, StatusCode: int32, RawResponse: response ...)
 UserServiceGetResponse (expanded: array, userView: UserView)
   UserServiceGetResponseExpanded (empty)
C1ApiUserV1UserServiceGetUserProfileTypesRequest (user_id: string)
C1ApiUserV1UserServiceGetUserProfileTypesResponse (ContentType: string, StatusCode: int32, RawResponse: response ...)
 GetUserProfileTypesResponse (profileTypes: array)
   ProfileType (description: string, displayToUser: boolean, iconUrl: string ...)
C1ApiUserV1UserServiceSetExpiringUserDelegationBindingByAdminRequest (user_id: string, SetExpiringUserDelegationBindingByAdminRequest: SetExpiringUserDelegationBindingByAdminRequest)
 SetExpiringUserDelegationBindingByAdminRequest (delegatedUserId: string, delegationExpireAt: date-time, delegationStartAt: date-time)
C1ApiUserV1UserServiceSetExpiringUserDelegationBindingByAdminResponse (ContentType: string, StatusCode: int32, RawResponse: response ...)
 SetExpiringUserDelegationBindingByAdminResponse (item: ExpiringUserDelegationBinding)
  ExpiringUserDelegationBinding (createdAt: date-time, delegatedUserId: string, deletedAt: date-time ...)
UserIntrospectRequest (expandMask: UserExpandMask)
 UserExpandMask (paths: array)
C1ApiUserV1UserServiceIntrospectResponse (ContentType: string, StatusCode: int32, RawResponse: response ...)
 UserIntrospectResponse (expanded: array, userView: UserView)
   UserIntrospectResponseExpanded (empty)
Vault (SDK empty)
VaultServiceCreateRequest (description: string, displayName: string, groupAuthzVault: GroupAuthzVault ...)
 GroupAuthzVault (empty)
 MagicVault (allowUnauthedViews: boolean, allowedViews: integer)
C1ApiVaultV1VaultServiceCreateResponse (ContentType: string, StatusCode: int32, RawResponse: response ...)
 VaultServiceCreateResponse (vault: Vault)
  Vault (createdAt: date-time, credentialExpirationDuration: string, deletedAt: date-time ...)
C1ApiVaultV1VaultServiceDeleteRequest (id: string, VaultServiceDeleteRequest: VaultServiceDeleteRequest)
 VaultServiceDeleteRequest (empty)
C1ApiVaultV1VaultServiceDeleteResponse (ContentType: string, StatusCode: int32, RawResponse: response ...)
 VaultServiceDeleteResponse (empty)
C1ApiVaultV1VaultServiceGetRequest (id: string)
C1ApiVaultV1VaultServiceGetResponse (ContentType: string, StatusCode: int32, RawResponse: response ...)
 VaultServiceGetResponse (vault: Vault)
C1ApiVaultV1VaultServiceUpdateRequest (id: string, VaultServiceUpdateRequest: VaultServiceUpdateRequest)
 VaultServiceUpdateRequest (updateMask: string, vault: Vault_input)
  VaultInput (credentialExpirationDuration: string, description: string, displayName: string ...)
C1ApiVaultV1VaultServiceUpdateResponse (ContentType: string, StatusCode: int32, RawResponse: response ...)
 VaultServiceUpdateResponse (vault: Vault)
Webhooks (SDK empty)
C1ApiWebhooksV1WebhooksServiceListRequest (page_size: int32, page_token: string)
C1ApiWebhooksV1WebhooksServiceListResponse (ContentType: string, StatusCode: int32, RawResponse: response ...)
 WebhooksServiceListResponse (list: array, nextPageToken: string)
WebhooksServiceCreateRequest (callbackTimeout: string, description: string, displayName: string ...)
C1ApiWebhooksV1WebhooksServiceCreateResponse (ContentType: string, StatusCode: int32, RawResponse: response ...)
 WebhooksServiceCreateResponse (webhook: WebhookEndpoint)
C1ApiWebhooksV1WebhooksServiceDeleteRequest (id: string, WebhooksServiceDeleteRequest: WebhooksServiceDeleteRequest)
 WebhooksServiceDeleteRequest (empty)
C1ApiWebhooksV1WebhooksServiceDeleteResponse (ContentType: string, StatusCode: int32, RawResponse: response ...)
 WebhooksServiceDeleteResponse (empty)
C1ApiWebhooksV1WebhooksServiceGetRequest (id: string)
C1ApiWebhooksV1WebhooksServiceGetResponse (ContentType: string, StatusCode: int32, RawResponse: response ...)
 WebhooksServiceGetResponse (webhook: WebhookEndpoint)
C1ApiWebhooksV1WebhooksServiceUpdateRequest (id: string, WebhooksServiceUpdateRequest: WebhooksServiceUpdateRequest)
 WebhooksServiceUpdateRequest (updateMask: string, webhook: WebhookEndpoint_input)
  WebhookEndpointInput (callbackTimeout: string, description: string, displayName: string ...)
C1ApiWebhooksV1WebhooksServiceUpdateResponse (ContentType: string, StatusCode: int32, RawResponse: response ...)
 WebhooksServiceUpdateResponse (webhook: WebhookEndpoint)
C1ApiWebhooksV1WebhooksServiceTestRequest (id: string, WebhooksServiceTestRequest: WebhooksServiceTestRequest)
 WebhooksServiceTestRequest (empty)
C1ApiWebhooksV1WebhooksServiceTestResponse (ContentType: string, StatusCode: int32, RawResponse: response ...)
 WebhooksServiceTestResponse (webhook: WebhookInstance)
  WebhookInstance (attempts: int32, completedAt: date-time, createdAt: date-time ...)
   WebhookSource (approvalStep: WebhookSourceApprovalStep, policyPostAction: WebhookSourcePolicyPostAction, provisionStep: WebhookSourceProvisionStep ...)
    WebhookSourceApprovalStep (ticketId: string)
    WebhookSourcePolicyPostAction (ticketId: string)
    WebhookSourceProvisionStep (ticketId: string)
    WebhookSourceTest (empty)
    WebhookSourceWorkflowStep (workflowExecutionId: string, workflowStepId: string)
   WebhookSpec (destination: string)
   WebhookInstanceState (enum: WEBHOOK_STATE_UNSPECIFIED, WEBHOOK_STATE_PENDING, WEBHOOK_STATE_RUNNING ...)
ConnectorOwnersV2 (SDK empty)
C1ApiAppV2ConnectorOwnersSetRequest (app_id: string, connector_id: string, SetConnectorOwnersV2Request: SetConnectorOwnersV2Request)
 SetConnectorOwnersV2Request (appEntitlementRefs: array, roleSlug: string, userRefs: array)
C1ApiAppV2ConnectorOwnersSetResponse (ContentType: string, StatusCode: int32, RawResponse: response ...)
 SetConnectorOwnersV2Response (empty)
C1ApiAppV2ConnectorOwnersSearchEntitlementOwnersRequest (app_id: string, connector_id: string, page_size: int32 ...)
C1ApiAppV2ConnectorOwnersSearchEntitlementOwnersResponse (ContentType: string, StatusCode: int32, RawResponse: response ...)
 SearchConnectorEntitlementOwnersResponse (list: array, nextPageToken: string)
   ConnectorOwnerEntitlement (appEntitlement: AppEntitlement, appId: string, connectorId: string ...)
C1ApiAppV2ConnectorOwnersDeleteEntitlementOwnerRequest (app_id: string, connector_id: string, role_slug: string ...)
 DeleteConnectorEntitlementOwnerRequest (appEntitlementRef: AppEntitlementRef)
C1ApiAppV2ConnectorOwnersDeleteEntitlementOwnerResponse (ContentType: string, StatusCode: int32, RawResponse: response ...)
 DeleteConnectorEntitlementOwnerResponse (empty)
C1ApiAppV2ConnectorOwnersGetEntitlementOwnerRequest (app_id: string, connector_id: string, role_slug: string ...)
C1ApiAppV2ConnectorOwnersGetEntitlementOwnerResponse (ContentType: string, StatusCode: int32, RawResponse: response ...)
 GetConnectorEntitlementOwnerResponse (connectorOwnerEntitlement: ConnectorOwnerEntitlement)
C1ApiAppV2ConnectorOwnersCreateEntitlementOwnerRequest (app_id: string, connector_id: string, role_slug: string ...)
 CreateConnectorEntitlementOwnerRequest (appEntitlementRef: AppEntitlementRef)
C1ApiAppV2ConnectorOwnersCreateEntitlementOwnerResponse (ContentType: string, StatusCode: int32, RawResponse: response ...)
 CreateConnectorEntitlementOwnerResponse (connectorOwnerEntitlement: ConnectorOwnerEntitlement)
C1ApiAppV2ConnectorOwnersSearchUserOwnersRequest (app_id: string, connector_id: string, page_size: int32 ...)
C1ApiAppV2ConnectorOwnersSearchUserOwnersResponse (ContentType: string, StatusCode: int32, RawResponse: response ...)
 SearchConnectorUserOwnersResponse (list: array, nextPageToken: string)
   ConnectorOwnerUser (appId: string, connectorId: string, createdAt: date-time ...)
C1ApiAppV2ConnectorOwnersDeleteUserOwnerRequest (app_id: string, connector_id: string, role_slug: string ...)
 DeleteConnectorUserOwnerRequest (userRef: UserRef)
C1ApiAppV2ConnectorOwnersDeleteUserOwnerResponse (ContentType: string, StatusCode: int32, RawResponse: response ...)
 DeleteConnectorUserOwnerResponse (empty)
C1ApiAppV2ConnectorOwnersGetUserOwnerRequest (app_id: string, connector_id: string, role_slug: string ...)
C1ApiAppV2ConnectorOwnersGetUserOwnerResponse (ContentType: string, StatusCode: int32, RawResponse: response ...)
 GetConnectorUserOwnerResponse (connectorOwnerUser: ConnectorOwnerUser)
C1ApiAppV2ConnectorOwnersCreateUserOwnerRequest (app_id: string, connector_id: string, role_slug: string ...)
 CreateConnectorUserOwnerRequest (userRef: UserRef)
C1ApiAppV2ConnectorOwnersCreateUserOwnerResponse (ContentType: string, StatusCode: int32, RawResponse: response ...)
 CreateConnectorUserOwnerResponse (connectorOwnerUser: ConnectorOwnerUser)
AppEntitlementOwnersV2 (SDK empty)
C1ApiAppV2AppEntitlementOwnersSetRequest (app_id: string, entitlement_id: string, SetAppEntitlementOwnersRequestV2: SetAppEntitlementOwnersRequestV2)
 SetAppEntitlementOwnersRequestV2 (appEntitlementRefs: array, roleSlug: string, userRefs: array)
C1ApiAppV2AppEntitlementOwnersSetResponse (ContentType: string, StatusCode: int32, RawResponse: response ...)
 SetAppEntitlementOwnersResponseV2 (empty)
C1ApiAppV2AppEntitlementOwnersSearchEntitlementOwnersRequest (app_id: string, entitlement_id: string, page_size: int32 ...)
C1ApiAppV2AppEntitlementOwnersSearchEntitlementOwnersResponse (ContentType: string, StatusCode: int32, RawResponse: response ...)
 SearchAppEntitlementEntitlementOwnersResponse (list: array, nextPageToken: string)
   AppEntitlementOwnerEntitlement (appEntitlement: AppEntitlement, appId: string, createdAt: date-time ...)
C1ApiAppV2AppEntitlementOwnersDeleteEntitlementOwnerRequest (app_id: string, entitlement_id: string, role_slug: string ...)
 DeleteAppEntitlementEntitlementOwnerRequest (appEntitlementRef: AppEntitlementRef)
C1ApiAppV2AppEntitlementOwnersDeleteEntitlementOwnerResponse (ContentType: string, StatusCode: int32, RawResponse: response ...)
 DeleteAppEntitlementEntitlementOwnerResponse (empty)
C1ApiAppV2AppEntitlementOwnersGetEntitlementOwnerRequest (app_id: string, entitlement_id: string, role_slug: string ...)
C1ApiAppV2AppEntitlementOwnersGetEntitlementOwnerResponse (ContentType: string, StatusCode: int32, RawResponse: response ...)
 GetAppEntitlementEntitlementOwnerResponse (appEntitlementOwnerEntitlement: AppEntitlementOwnerEntitlement)
C1ApiAppV2AppEntitlementOwnersCreateEntitlementOwnerRequest (app_id: string, entitlement_id: string, role_slug: string ...)
 CreateAppEntitlementEntitlementOwnerRequest (appEntitlementRef: AppEntitlementRef)
C1ApiAppV2AppEntitlementOwnersCreateEntitlementOwnerResponse (ContentType: string, StatusCode: int32, RawResponse: response ...)
 CreateAppEntitlementEntitlementOwnerResponse (appEntitlementOwnerEntitlement: AppEntitlementOwnerEntitlement)
C1ApiAppV2AppEntitlementOwnersSearchUserOwnersRequest (app_id: string, entitlement_id: string, page_size: int32 ...)
C1ApiAppV2AppEntitlementOwnersSearchUserOwnersResponse (ContentType: string, StatusCode: int32, RawResponse: response ...)
 SearchAppEntitlementUserOwnersResponse (list: array, nextPageToken: string)
   AppEntitlementOwnerUser (appId: string, createdAt: date-time, entitlementId: string ...)
C1ApiAppV2AppEntitlementOwnersDeleteUserOwnerRequest (app_id: string, entitlement_id: string, role_slug: string ...)
 DeleteAppEntitlementUserOwnerRequest (userRef: UserRef)
C1ApiAppV2AppEntitlementOwnersDeleteUserOwnerResponse (ContentType: string, StatusCode: int32, RawResponse: response ...)
 DeleteAppEntitlementUserOwnerResponse (empty)
C1ApiAppV2AppEntitlementOwnersGetUserOwnerRequest (app_id: string, entitlement_id: string, role_slug: string ...)
C1ApiAppV2AppEntitlementOwnersGetUserOwnerResponse (ContentType: string, StatusCode: int32, RawResponse: response ...)
 GetAppEntitlementUserOwnerResponse (appEntitlementOwnerUser: AppEntitlementOwnerUser)
C1ApiAppV2AppEntitlementOwnersCreateUserOwnerRequest (app_id: string, entitlement_id: string, role_slug: string ...)
 CreateAppEntitlementUserOwnerRequest (userRef: UserRef)
C1ApiAppV2AppEntitlementOwnersCreateUserOwnerResponse (ContentType: string, StatusCode: int32, RawResponse: response ...)
 CreateAppEntitlementUserOwnerResponse (appEntitlementOwnerUser: AppEntitlementOwnerUser)
AppOwnersV2 (SDK empty)
C1ApiAppV2AppOwnersSetRequest (app_id: string, SetAppOwnersRequestV2: SetAppOwnersRequestV2)
 SetAppOwnersRequestV2 (appEntitlementRefs: array, roleSlug: string, userRefs: array)
C1ApiAppV2AppOwnersSetResponse (ContentType: string, StatusCode: int32, RawResponse: response ...)
 SetAppOwnersResponseV2 (empty)
C1ApiAppV2AppOwnersSearchEntitlementOwnersRequest (app_id: string, page_size: int32, page_token: string ...)
C1ApiAppV2AppOwnersSearchEntitlementOwnersResponse (ContentType: string, StatusCode: int32, RawResponse: response ...)
 SearchAppEntitlementOwnersResponse (list: array, nextPageToken: string)
   AppOwnerEntitlement (appEntitlement: AppEntitlement, appId: string, createdAt: date-time ...)
C1ApiAppV2AppOwnersDeleteEntitlementOwnerRequest (app_id: string, role_slug: string, app_entitlement_ref_app_id: string ...)
 DeleteAppEntitlementOwnerRequest (appEntitlementRef: AppEntitlementRef)
C1ApiAppV2AppOwnersDeleteEntitlementOwnerResponse (ContentType: string, StatusCode: int32, RawResponse: response ...)
 DeleteAppEntitlementOwnerResponse (empty)
C1ApiAppV2AppOwnersGetEntitlementOwnerRequest (app_id: string, role_slug: string, app_entitlement_ref_app_id: string ...)
C1ApiAppV2AppOwnersGetEntitlementOwnerResponse (ContentType: string, StatusCode: int32, RawResponse: response ...)
 GetAppEntitlementOwnerResponse (appOwnerEntitlement: AppOwnerEntitlement)
C1ApiAppV2AppOwnersCreateEntitlementOwnerRequest (app_id: string, role_slug: string, app_entitlement_ref_app_id: string ...)
 CreateAppEntitlementOwnerRequest (appEntitlementRef: AppEntitlementRef)
C1ApiAppV2AppOwnersCreateEntitlementOwnerResponse (ContentType: string, StatusCode: int32, RawResponse: response ...)
 CreateAppEntitlementOwnerResponse (appOwnerEntitlement: AppOwnerEntitlement)
C1ApiAppV2AppOwnersSearchUserOwnersRequest (app_id: string, page_size: int32, page_token: string ...)
C1ApiAppV2AppOwnersSearchUserOwnersResponse (ContentType: string, StatusCode: int32, RawResponse: response ...)
 SearchAppUserOwnersResponse (list: array, nextPageToken: string)
   AppOwnerUser (appId: string, createdAt: date-time, roleSlug: string ...)
C1ApiAppV2AppOwnersDeleteUserOwnerRequest (app_id: string, role_slug: string, user_ref_id: string ...)
 DeleteAppUserOwnerRequest (userRef: UserRef)
C1ApiAppV2AppOwnersDeleteUserOwnerResponse (ContentType: string, StatusCode: int32, RawResponse: response ...)
 DeleteAppUserOwnerResponse (empty)
C1ApiAppV2AppOwnersGetUserOwnerRequest (app_id: string, role_slug: string, user_ref_id: string)
C1ApiAppV2AppOwnersGetUserOwnerResponse (ContentType: string, StatusCode: int32, RawResponse: response ...)
 GetAppUserOwnerResponse (appOwnerUser: AppOwnerUser)
C1ApiAppV2AppOwnersCreateUserOwnerRequest (app_id: string, role_slug: string, user_ref_id: string ...)
 CreateAppUserOwnerRequest (userRef: UserRef)
C1ApiAppV2AppOwnersCreateUserOwnerResponse (ContentType: string, StatusCode: int32, RawResponse: response ...)
 CreateAppUserOwnerResponse (appOwnerUser: AppOwnerUser)
AppResourceOwnersV2 (SDK empty)
C1ApiAppV2AppResourceOwnersV2SetRequest (app_id: string, resource_type_id: string, resource_id: string ...)
 SetAppResourceOwnersV2Request (appEntitlementRefs: array, roleSlug: string, userRefs: array)
C1ApiAppV2AppResourceOwnersV2SetResponse (ContentType: string, StatusCode: int32, RawResponse: response ...)
 SetAppResourceOwnersV2Response (empty)
C1ApiAppV2AppResourceOwnersV2SearchEntitlementOwnersRequest (app_id: string, resource_type_id: string, resource_id: string ...)
C1ApiAppV2AppResourceOwnersV2SearchEntitlementOwnersResponse (ContentType: string, StatusCode: int32, RawResponse: response ...)
 SearchAppResourceEntitlementOwnersResponse (list: array, nextPageToken: string)
   AppResourceOwnerEntitlement (appEntitlement: AppEntitlement, appId: string, createdAt: date-time ...)
C1ApiAppV2AppResourceOwnersV2DeleteEntitlementOwnerRequest (app_id: string, resource_type_id: string, resource_id: string ...)
 DeleteAppResourceEntitlementOwnerRequest (appEntitlementRef: AppEntitlementRef)
C1ApiAppV2AppResourceOwnersV2DeleteEntitlementOwnerResponse (ContentType: string, StatusCode: int32, RawResponse: response ...)
 DeleteAppResourceEntitlementOwnerResponse (empty)
C1ApiAppV2AppResourceOwnersV2GetEntitlementOwnerRequest (app_id: string, resource_type_id: string, resource_id: string ...)
C1ApiAppV2AppResourceOwnersV2GetEntitlementOwnerResponse (ContentType: string, StatusCode: int32, RawResponse: response ...)
 GetAppResourceEntitlementOwnerResponse (appResourceOwnerEntitlement: AppResourceOwnerEntitlement)
C1ApiAppV2AppResourceOwnersV2CreateEntitlementOwnerRequest (app_id: string, resource_type_id: string, resource_id: string ...)
 CreateAppResourceEntitlementOwnerRequest (appEntitlementRef: AppEntitlementRef)
C1ApiAppV2AppResourceOwnersV2CreateEntitlementOwnerResponse (ContentType: string, StatusCode: int32, RawResponse: response ...)
 CreateAppResourceEntitlementOwnerResponse (appResourceOwnerEntitlement: AppResourceOwnerEntitlement)
C1ApiAppV2AppResourceOwnersV2SearchUserOwnersRequest (app_id: string, resource_type_id: string, resource_id: string ...)
C1ApiAppV2AppResourceOwnersV2SearchUserOwnersResponse (ContentType: string, StatusCode: int32, RawResponse: response ...)
 SearchAppResourceUserOwnersResponse (list: array, nextPageToken: string)
   AppResourceOwnerUser (appId: string, createdAt: date-time, resourceId: string ...)
C1ApiAppV2AppResourceOwnersV2DeleteUserOwnerRequest (app_id: string, resource_type_id: string, resource_id: string ...)
 DeleteAppResourceUserOwnerRequest (userRef: UserRef)
C1ApiAppV2AppResourceOwnersV2DeleteUserOwnerResponse (ContentType: string, StatusCode: int32, RawResponse: response ...)
 DeleteAppResourceUserOwnerResponse (empty)
C1ApiAppV2AppResourceOwnersV2GetUserOwnerRequest (app_id: string, resource_type_id: string, resource_id: string ...)
C1ApiAppV2AppResourceOwnersV2GetUserOwnerResponse (ContentType: string, StatusCode: int32, RawResponse: response ...)
 GetAppResourceUserOwnerResponse (appResourceOwnerUser: AppResourceOwnerUser)
C1ApiAppV2AppResourceOwnersV2CreateUserOwnerRequest (app_id: string, resource_type_id: string, resource_id: string ...)
 CreateAppResourceUserOwnerRequest (userRef: UserRef)
C1ApiAppV2AppResourceOwnersV2CreateUserOwnerResponse (ContentType: string, StatusCode: int32, RawResponse: response ...)
 CreateAppResourceUserOwnerResponse (appResourceOwnerUser: AppResourceOwnerUser)
AppUserOwnersV2 (SDK empty)
C1ApiAppV2AppUserOwnersV2SetRequest (app_id: string, user_id: string, SetAppUserOwnersV2Request: SetAppUserOwnersV2Request)
 SetAppUserOwnersV2Request (appEntitlementRefs: array, roleSlug: string, userRefs: array)
C1ApiAppV2AppUserOwnersV2SetResponse (ContentType: string, StatusCode: int32, RawResponse: response ...)
 SetAppUserOwnersV2Response (empty)
C1ApiAppV2AppUserOwnersV2SearchEntitlementOwnersRequest (app_id: string, user_id: string, page_size: int32 ...)
C1ApiAppV2AppUserOwnersV2SearchEntitlementOwnersResponse (ContentType: string, StatusCode: int32, RawResponse: response ...)
 SearchAppUserEntitlementOwnersResponse (list: array, nextPageToken: string)
   AppUserOwnerEntitlement (appEntitlement: AppEntitlement, appId: string, createdAt: date-time ...)
C1ApiAppV2AppUserOwnersV2DeleteEntitlementOwnerRequest (app_id: string, user_id: string, role_slug: string ...)
 DeleteAppUserEntitlementOwnerRequest (appEntitlementRef: AppEntitlementRef)
C1ApiAppV2AppUserOwnersV2DeleteEntitlementOwnerResponse (ContentType: string, StatusCode: int32, RawResponse: response ...)
 DeleteAppUserEntitlementOwnerResponse (empty)
C1ApiAppV2AppUserOwnersV2CreateEntitlementOwnerRequest (app_id: string, user_id: string, role_slug: string ...)
 CreateAppUserEntitlementOwnerRequest (appEntitlementRef: AppEntitlementRef)
C1ApiAppV2AppUserOwnersV2CreateEntitlementOwnerResponse (ContentType: string, StatusCode: int32, RawResponse: response ...)
 CreateAppUserEntitlementOwnerResponse (appUserOwnerEntitlement: AppUserOwnerEntitlement)
C1ApiAppV2AppUserOwnersV2SearchUserOwnersRequest (app_id: string, user_id: string, page_size: int32 ...)
C1ApiAppV2AppUserOwnersV2SearchUserOwnersResponse (ContentType: string, StatusCode: int32, RawResponse: response ...)
 SearchAppUserUserOwnersResponse (list: array, nextPageToken: string)
   AppUserOwnerUser (appId: string, createdAt: date-time, roleSlug: string ...)
C1ApiAppV2AppUserOwnersV2DeleteUserOwnerRequest (app_id: string, user_id: string, role_slug: string ...)
 DeleteAppUserUserOwnerRequest (userRef: UserRef)
C1ApiAppV2AppUserOwnersV2DeleteUserOwnerResponse (ContentType: string, StatusCode: int32, RawResponse: response ...)
 DeleteAppUserUserOwnerResponse (empty)
C1ApiAppV2AppUserOwnersV2CreateUserOwnerRequest (app_id: string, user_id: string, role_slug: string ...)
 CreateAppUserUserOwnerRequest (userRef: UserRef)
C1ApiAppV2AppUserOwnersV2CreateUserOwnerResponse (ContentType: string, StatusCode: int32, RawResponse: response ...)
 CreateAppUserUserOwnerResponse (appUserOwnerUser: AppUserOwnerUser)
UserOwnersV2 (SDK empty)
C1ApiUserV2UserOwnersV2SetRequest (user_id: string, SetUserOwnersV2Request: SetUserOwnersV2Request)
 SetUserOwnersV2Request (appEntitlementRefs: array, roleSlug: string, userRefs: array)
C1ApiUserV2UserOwnersV2SetResponse (ContentType: string, StatusCode: int32, RawResponse: response ...)
 SetUserOwnersV2Response (empty)
C1ApiUserV2UserOwnersV2SearchEntitlementOwnersRequest (user_id: string, page_size: int32, page_token: string ...)
C1ApiUserV2UserOwnersV2SearchEntitlementOwnersResponse (ContentType: string, StatusCode: int32, RawResponse: response ...)
 SearchUserEntitlementOwnersResponse (list: array, nextPageToken: string)
   UserOwnerEntitlement (appEntitlement: AppEntitlement, createdAt: date-time, roleSlug: string ...)
C1ApiUserV2UserOwnersV2DeleteEntitlementOwnerRequest (user_id: string, role_slug: string, app_entitlement_ref_app_id: string ...)
 DeleteUserEntitlementOwnerRequest (appEntitlementRef: AppEntitlementRef)
C1ApiUserV2UserOwnersV2DeleteEntitlementOwnerResponse (ContentType: string, StatusCode: int32, RawResponse: response ...)
 DeleteUserEntitlementOwnerResponse (empty)
C1ApiUserV2UserOwnersV2CreateEntitlementOwnerRequest (user_id: string, role_slug: string, app_entitlement_ref_app_id: string ...)
 CreateUserEntitlementOwnerRequest (appEntitlementRef: AppEntitlementRef)
C1ApiUserV2UserOwnersV2CreateEntitlementOwnerResponse (ContentType: string, StatusCode: int32, RawResponse: response ...)
 CreateUserEntitlementOwnerResponse (userOwnerEntitlement: UserOwnerEntitlement)
C1ApiUserV2UserOwnersV2SearchUserOwnersRequest (user_id: string, page_size: int32, page_token: string ...)
C1ApiUserV2UserOwnersV2SearchUserOwnersResponse (ContentType: string, StatusCode: int32, RawResponse: response ...)
 SearchUserOwnersResponse (list: array, nextPageToken: string)
   UserOwnerUser (createdAt: date-time, roleSlug: string, user: User ...)
C1ApiUserV2UserOwnersV2DeleteUserOwnerRequest (user_id: string, role_slug: string, user_ref_id: string ...)
 DeleteUserUserOwnerRequest (userRef: UserRef)
C1ApiUserV2UserOwnersV2DeleteUserOwnerResponse (ContentType: string, StatusCode: int32, RawResponse: response ...)
 DeleteUserUserOwnerResponse (empty)
C1ApiUserV2UserOwnersV2CreateUserOwnerRequest (user_id: string, role_slug: string, user_ref_id: string ...)
 CreateUserUserOwnerRequest (userRef: UserRef)
C1ApiUserV2UserOwnersV2CreateUserOwnerResponse (ContentType: string, StatusCode: int32, RawResponse: response ...)
 CreateUserUserOwnerResponse (userOwnerUser: UserOwnerUser)
Body (callbackUrl: string, event: string, payload: class ...)
 BodyPayload (empty)
PayloadFindingDispatch (dispatchId: string, finding: Finding, findingId: string ...)
PayloadPolicyApprovalStep (expanded: array, taskView: TaskView)
  PayloadPolicyApprovalStepExpanded (empty)
PayloadPolicyPostAction (expanded: array, taskView: TaskView)
  PayloadPolicyPostActionExpanded (empty)
PayloadProvisionStep (expanded: array, taskView: TaskView)
  PayloadProvisionStepExpanded (empty)
PayloadTest (empty)
PayloadWorkflowStep (context: class, workflowExecutionId: string, workflowExecutionStepId: string ...)
 PayloadWorkflowStepContext (empty)
ResponsePolicyApprovalStep (approve: ResponsePolicyApprovalStepApprove, deny: ResponsePolicyApprovalStepDeny, reassign: ResponsePolicyApprovalStepReassign ...)
 ResponsePolicyApprovalStepApprove (comment: string)
 ResponsePolicyApprovalStepDeny (comment: string)
 ResponsePolicyApprovalStepReassign (comment: string, newStepUserIds: array)
 ResponsePolicyApprovalReplacePolicy (comment: string, policySteps: array)
ResponsePolicyPostAction (version: string)
ResponseProvisionStep (complete: ResponseProvisionStepComplete, errored: ResponseProvisionStepErrored, version: string)
 ResponseProvisionStepComplete (comment: string)
 ResponseProvisionStepErrored (comment: string)
ResponseTest (version: string)
ResponseWorkflowStep (context: class, version: string)
 ResponseWorkflowStepContext (empty)

